Copyright 1986-2022 Xilinx, Inc. All Rights Reserved. Copyright 2022-2023 Advanced Micro Devices, Inc. All Rights Reserved.
-----------------------------------------------------------------------------------------------------------------------------------------------------------------------------------------------------------------------------------------------
| Tool Version      : Vivado v.2023.2 (win64) Build 4029153 Fri Oct 13 20:14:34 MDT 2023
| Date              : Tue Apr 28 18:03:14 2026
| Host              : Seid-HP running 64-bit major release  (build 9200)
| Command           : report_timing_summary -max_paths 10 -report_unconstrained -file ascon_power_top_timing_summary_routed.rpt -pb ascon_power_top_timing_summary_routed.pb -rpx ascon_power_top_timing_summary_routed.rpx -warn_on_violation
| Design            : ascon_power_top
| Device            : xcu280-fsvh2892
| Speed File        : -2L  PRODUCTION 1.30 05-01-2022
| Design State      : Routed
| Temperature Grade : E
-----------------------------------------------------------------------------------------------------------------------------------------------------------------------------------------------------------------------------------------------

Timing Summary Report

------------------------------------------------------------------------------------------------
| Timer Settings
| --------------
------------------------------------------------------------------------------------------------

  Enable Multi Corner Analysis               :  Yes
  Enable Pessimism Removal                   :  Yes
  Pessimism Removal Resolution               :  Nearest Common Node
  Enable Input Delay Default Clock           :  No
  Enable Preset / Clear Arcs                 :  No
  Disable Flight Delays                      :  No
  Ignore I/O Paths                           :  No
  Timing Early Launch at Borrowing Latches   :  No
  Borrow Time for Max Delay Exceptions       :  Yes
  Merge Timing Exceptions                    :  Yes
  Inter-SLR Compensation                     :  Conservative

  Corner  Analyze    Analyze    
  Name    Max Paths  Min Paths  
  ------  ---------  ---------  
  Slow    Yes        Yes        
  Fast    Yes        Yes        


------------------------------------------------------------------------------------------------
| Report Methodology
| ------------------
------------------------------------------------------------------------------------------------

Rule       Severity  Description                    Violations  
---------  --------  -----------------------------  ----------  
TIMING-18  Warning   Missing input or output delay  162         

Note: This report is based on the most recent report_methodology run and may not be up-to-date. Run report_methodology on the current design for the latest report.



check_timing report

Table of Contents
-----------------
1. checking no_clock (0)
2. checking constant_clock (0)
3. checking pulse_width_clock (0)
4. checking unconstrained_internal_endpoints (0)
5. checking no_input_delay (1)
6. checking no_output_delay (161)
7. checking multiple_clock (0)
8. checking generated_clocks (0)
9. checking loops (0)
10. checking partial_input_delay (0)
11. checking partial_output_delay (0)
12. checking latch_loops (0)

1. checking no_clock (0)
------------------------
 There are 0 register/latch pins with no clock.


2. checking constant_clock (0)
------------------------------
 There are 0 register/latch pins with constant_clock.


3. checking pulse_width_clock (0)
---------------------------------
 There are 0 register/latch pins which need pulse_width check


4. checking unconstrained_internal_endpoints (0)
------------------------------------------------
 There are 0 pins that are not constrained for maximum delay.

 There are 0 pins that are not constrained for maximum delay due to constant clock.


5. checking no_input_delay (1)
------------------------------
 There is 1 input port with no input delay specified. (HIGH)

 There are 0 input ports with no input delay but user has a false path constraint.


6. checking no_output_delay (161)
---------------------------------
 There are 161 ports with no output delay specified. (HIGH)

 There are 0 ports with no output delay but user has a false path constraint

 There are 0 ports with no output delay but with a timing clock defined on it or propagating through it


7. checking multiple_clock (0)
------------------------------
 There are 0 register/latch pins with multiple clocks.


8. checking generated_clocks (0)
--------------------------------
 There are 0 generated clocks that are not connected to a clock source.


9. checking loops (0)
---------------------
 There are 0 combinational loops in the design.


10. checking partial_input_delay (0)
------------------------------------
 There are 0 input ports with partial input delay specified.


11. checking partial_output_delay (0)
-------------------------------------
 There are 0 ports with partial output delay specified.


12. checking latch_loops (0)
----------------------------
 There are 0 combinational latch loops in the design through latch input



------------------------------------------------------------------------------------------------
| Design Timing Summary
| ---------------------
------------------------------------------------------------------------------------------------

    WNS(ns)      TNS(ns)  TNS Failing Endpoints  TNS Total Endpoints      WHS(ns)      THS(ns)  THS Failing Endpoints  THS Total Endpoints     WPWS(ns)     TPWS(ns)  TPWS Failing Endpoints  TPWS Total Endpoints  
    -------      -------  ---------------------  -------------------      -------      -------  ---------------------  -------------------     --------     --------  ----------------------  --------------------  
      6.125        0.000                      0                 1198        0.040        0.000                      0                 1198        4.725        0.000                       0                   618  


All user specified timing constraints are met.


------------------------------------------------------------------------------------------------
| Clock Summary
| -------------
------------------------------------------------------------------------------------------------

Clock  Waveform(ns)       Period(ns)      Frequency(MHz)
-----  ------------       ----------      --------------
clk    {0.000 5.000}      10.000          100.000         


------------------------------------------------------------------------------------------------
| Intra Clock Table
| -----------------
------------------------------------------------------------------------------------------------

Clock             WNS(ns)      TNS(ns)  TNS Failing Endpoints  TNS Total Endpoints      WHS(ns)      THS(ns)  THS Failing Endpoints  THS Total Endpoints     WPWS(ns)     TPWS(ns)  TPWS Failing Endpoints  TPWS Total Endpoints  
-----             -------      -------  ---------------------  -------------------      -------      -------  ---------------------  -------------------     --------     --------  ----------------------  --------------------  
clk                 6.125        0.000                      0                 1198        0.040        0.000                      0                 1198        4.725        0.000                       0                   618  


------------------------------------------------------------------------------------------------
| Inter Clock Table
| -----------------
------------------------------------------------------------------------------------------------

From Clock    To Clock          WNS(ns)      TNS(ns)  TNS Failing Endpoints  TNS Total Endpoints      WHS(ns)      THS(ns)  THS Failing Endpoints  THS Total Endpoints  
----------    --------          -------      -------  ---------------------  -------------------      -------      -------  ---------------------  -------------------  


------------------------------------------------------------------------------------------------
| Other Path Groups Table
| -----------------------
------------------------------------------------------------------------------------------------

Path Group    From Clock    To Clock          WNS(ns)      TNS(ns)  TNS Failing Endpoints  TNS Total Endpoints      WHS(ns)      THS(ns)  THS Failing Endpoints  THS Total Endpoints  
----------    ----------    --------          -------      -------  ---------------------  -------------------      -------      -------  ---------------------  -------------------  


------------------------------------------------------------------------------------------------
| User Ignored Path Table
| -----------------------
------------------------------------------------------------------------------------------------

Path Group    From Clock    To Clock    
----------    ----------    --------    


------------------------------------------------------------------------------------------------
| Unconstrained Path Table
| ------------------------
------------------------------------------------------------------------------------------------

Path Group    From Clock    To Clock    
----------    ----------    --------    
(none)        clk                         
(none)                      clk           


------------------------------------------------------------------------------------------------
| Timing Details
| --------------
------------------------------------------------------------------------------------------------


---------------------------------------------------------------------------------------------------
From Clock:  clk
  To Clock:  clk

Setup :            0  Failing Endpoints,  Worst Slack        6.125ns,  Total Violation        0.000ns
Hold  :            0  Failing Endpoints,  Worst Slack        0.040ns,  Total Violation        0.000ns
PW    :            0  Failing Endpoints,  Worst Slack        4.725ns,  Total Violation        0.000ns
---------------------------------------------------------------------------------------------------


Max Delay Paths
--------------------------------------------------------------------------------------
Slack (MET) :             6.125ns  (required time - arrival time)
  Source:                 dut/state_reg[2]/C
                            (rising edge-triggered cell FDRE clocked by clk  {rise@0.000ns fall@5.000ns period=10.000ns})
  Destination:            dut/x3_reg[8]/D
                            (rising edge-triggered cell FDRE clocked by clk  {rise@0.000ns fall@5.000ns period=10.000ns})
  Path Group:             clk
  Path Type:              Setup (Max at Slow Process Corner)
  Requirement:            10.000ns  (clk rise@10.000ns - clk rise@0.000ns)
  Data Path Delay:        3.802ns  (logic 0.267ns (7.022%)  route 3.535ns (92.978%))
  Logic Levels:           2  (LUT4=1 LUT6=1)
  Clock Path Skew:        -0.062ns (DCD - SCD + CPR)
    Destination Clock Delay (DCD):    1.361ns = ( 11.361 - 10.000 ) 
    Source Clock Delay      (SCD):    1.734ns
    Clock Pessimism Removal (CPR):    0.310ns
  Clock Uncertainty:      0.035ns  ((TSJ^2 + TIJ^2)^1/2 + DJ) / 2 + PE
    Total System Jitter     (TSJ):    0.071ns
    Total Input Jitter      (TIJ):    0.000ns
    Discrete Jitter          (DJ):    0.000ns
    Phase Error              (PE):    0.000ns
  Clock Net Delay (Source):      0.757ns (routing 0.001ns, distribution 0.756ns)
  Clock Net Delay (Destination): 0.677ns (routing 0.001ns, distribution 0.676ns)

    Location             Delay type                Incr(ns)  Path(ns)    Netlist Resource(s)
  -------------------------------------------------------------------    -------------------
                         (clock clk rise edge)        0.000     0.000 r  
    BJ26                                              0.000     0.000 r  clk (IN)
                         net (fo=0)                   0.000     0.000    clk_IBUF_inst/I
    BJ26                 INBUF (Prop_INBUF_HPIOB_M_PAD_O)
                                                      0.626     0.626 r  clk_IBUF_inst/INBUF_INST/O
                         net (fo=1, routed)           0.000     0.626    clk_IBUF_inst/OUT
    BJ26                 IBUFCTRL (Prop_IBUFCTRL_HPIOB_M_I_O)
                                                      0.000     0.626 r  clk_IBUF_inst/IBUFCTRL_INST/O
                         net (fo=1, routed)           0.323     0.949    clk_IBUF
    BUFGCE_X0Y72         BUFGCE (Prop_BUFCE_BUFGCE_I_O)
                                                      0.028     0.977 r  clk_IBUF_BUFG_inst/O
    X4Y3 (CLOCK_ROOT)    net (fo=617, routed)         0.757     1.734    dut/clk_IBUF_BUFG
    SLICE_X117Y194       FDRE                                         r  dut/state_reg[2]/C
  -------------------------------------------------------------------    -------------------
    SLICE_X117Y194       FDRE (Prop_FFF2_SLICEL_C_Q)
                                                      0.081     1.815 r  dut/state_reg[2]/Q
                         net (fo=156, routed)         1.649     3.464    dut/state_reg_n_0_[2]
    SLICE_X116Y188       LUT4 (Prop_D5LUT_SLICEL_I3_O)
                                                      0.096     3.560 r  dut/x3[60]_i_5/O
                         net (fo=20, routed)          1.838     5.399    dut/x3[60]_i_5_n_0
    SLICE_X125Y192       LUT6 (Prop_A6LUT_SLICEL_I4_O)
                                                      0.090     5.489 r  dut/x3[8]_i_1/O
                         net (fo=1, routed)           0.048     5.537    dut/x3[8]
    SLICE_X125Y192       FDRE                                         r  dut/x3_reg[8]/D
  -------------------------------------------------------------------    -------------------

                         (clock clk rise edge)       10.000    10.000 r  
    BJ26                                              0.000    10.000 r  clk (IN)
                         net (fo=0)                   0.000    10.000    clk_IBUF_inst/I
    BJ26                 INBUF (Prop_INBUF_HPIOB_M_PAD_O)
                                                      0.375    10.375 r  clk_IBUF_inst/INBUF_INST/O
                         net (fo=1, routed)           0.000    10.375    clk_IBUF_inst/OUT
    BJ26                 IBUFCTRL (Prop_IBUFCTRL_HPIOB_M_I_O)
                                                      0.000    10.375 r  clk_IBUF_inst/IBUFCTRL_INST/O
                         net (fo=1, routed)           0.286    10.661    clk_IBUF
    BUFGCE_X0Y72         BUFGCE (Prop_BUFCE_BUFGCE_I_O)
                                                      0.024    10.685 r  clk_IBUF_BUFG_inst/O
    X4Y3 (CLOCK_ROOT)    net (fo=617, routed)         0.677    11.361    dut/clk_IBUF_BUFG
    SLICE_X125Y192       FDRE                                         r  dut/x3_reg[8]/C
                         clock pessimism              0.310    11.672    
                         clock uncertainty           -0.035    11.636    
    SLICE_X125Y192       FDRE (Setup_AFF_SLICEL_C_D)
                                                      0.025    11.661    dut/x3_reg[8]
  -------------------------------------------------------------------
                         required time                         11.661    
                         arrival time                          -5.537    
  -------------------------------------------------------------------
                         slack                                  6.125    

Slack (MET) :             6.280ns  (required time - arrival time)
  Source:                 dut/state_reg[2]/C
                            (rising edge-triggered cell FDRE clocked by clk  {rise@0.000ns fall@5.000ns period=10.000ns})
  Destination:            dut/x3_reg[57]/D
                            (rising edge-triggered cell FDRE clocked by clk  {rise@0.000ns fall@5.000ns period=10.000ns})
  Path Group:             clk
  Path Type:              Setup (Max at Slow Process Corner)
  Requirement:            10.000ns  (clk rise@10.000ns - clk rise@0.000ns)
  Data Path Delay:        3.649ns  (logic 0.274ns (7.508%)  route 3.375ns (92.492%))
  Logic Levels:           2  (LUT4=1 LUT6=1)
  Clock Path Skew:        -0.060ns (DCD - SCD + CPR)
    Destination Clock Delay (DCD):    1.363ns = ( 11.363 - 10.000 ) 
    Source Clock Delay      (SCD):    1.734ns
    Clock Pessimism Removal (CPR):    0.310ns
  Clock Uncertainty:      0.035ns  ((TSJ^2 + TIJ^2)^1/2 + DJ) / 2 + PE
    Total System Jitter     (TSJ):    0.071ns
    Total Input Jitter      (TIJ):    0.000ns
    Discrete Jitter          (DJ):    0.000ns
    Phase Error              (PE):    0.000ns
  Clock Net Delay (Source):      0.757ns (routing 0.001ns, distribution 0.756ns)
  Clock Net Delay (Destination): 0.679ns (routing 0.001ns, distribution 0.678ns)

    Location             Delay type                Incr(ns)  Path(ns)    Netlist Resource(s)
  -------------------------------------------------------------------    -------------------
                         (clock clk rise edge)        0.000     0.000 r  
    BJ26                                              0.000     0.000 r  clk (IN)
                         net (fo=0)                   0.000     0.000    clk_IBUF_inst/I
    BJ26                 INBUF (Prop_INBUF_HPIOB_M_PAD_O)
                                                      0.626     0.626 r  clk_IBUF_inst/INBUF_INST/O
                         net (fo=1, routed)           0.000     0.626    clk_IBUF_inst/OUT
    BJ26                 IBUFCTRL (Prop_IBUFCTRL_HPIOB_M_I_O)
                                                      0.000     0.626 r  clk_IBUF_inst/IBUFCTRL_INST/O
                         net (fo=1, routed)           0.323     0.949    clk_IBUF
    BUFGCE_X0Y72         BUFGCE (Prop_BUFCE_BUFGCE_I_O)
                                                      0.028     0.977 r  clk_IBUF_BUFG_inst/O
    X4Y3 (CLOCK_ROOT)    net (fo=617, routed)         0.757     1.734    dut/clk_IBUF_BUFG
    SLICE_X117Y194       FDRE                                         r  dut/state_reg[2]/C
  -------------------------------------------------------------------    -------------------
    SLICE_X117Y194       FDRE (Prop_FFF2_SLICEL_C_Q)
                                                      0.081     1.815 r  dut/state_reg[2]/Q
                         net (fo=156, routed)         1.649     3.464    dut/state_reg_n_0_[2]
    SLICE_X116Y188       LUT4 (Prop_D5LUT_SLICEL_I3_O)
                                                      0.096     3.560 r  dut/x3[60]_i_5/O
                         net (fo=20, routed)          1.678     5.239    dut/x3[60]_i_5_n_0
    SLICE_X125Y191       LUT6 (Prop_G6LUT_SLICEL_I4_O)
                                                      0.097     5.336 r  dut/x3[57]_i_1/O
                         net (fo=1, routed)           0.048     5.384    dut/x3[57]
    SLICE_X125Y191       FDRE                                         r  dut/x3_reg[57]/D
  -------------------------------------------------------------------    -------------------

                         (clock clk rise edge)       10.000    10.000 r  
    BJ26                                              0.000    10.000 r  clk (IN)
                         net (fo=0)                   0.000    10.000    clk_IBUF_inst/I
    BJ26                 INBUF (Prop_INBUF_HPIOB_M_PAD_O)
                                                      0.375    10.375 r  clk_IBUF_inst/INBUF_INST/O
                         net (fo=1, routed)           0.000    10.375    clk_IBUF_inst/OUT
    BJ26                 IBUFCTRL (Prop_IBUFCTRL_HPIOB_M_I_O)
                                                      0.000    10.375 r  clk_IBUF_inst/IBUFCTRL_INST/O
                         net (fo=1, routed)           0.286    10.661    clk_IBUF
    BUFGCE_X0Y72         BUFGCE (Prop_BUFCE_BUFGCE_I_O)
                                                      0.024    10.685 r  clk_IBUF_BUFG_inst/O
    X4Y3 (CLOCK_ROOT)    net (fo=617, routed)         0.679    11.363    dut/clk_IBUF_BUFG
    SLICE_X125Y191       FDRE                                         r  dut/x3_reg[57]/C
                         clock pessimism              0.310    11.674    
                         clock uncertainty           -0.035    11.638    
    SLICE_X125Y191       FDRE (Setup_GFF_SLICEL_C_D)
                                                      0.025    11.663    dut/x3_reg[57]
  -------------------------------------------------------------------
                         required time                         11.663    
                         arrival time                          -5.384    
  -------------------------------------------------------------------
                         slack                                  6.280    

Slack (MET) :             6.415ns  (required time - arrival time)
  Source:                 dut/state_reg[0]/C
                            (rising edge-triggered cell FDRE clocked by clk  {rise@0.000ns fall@5.000ns period=10.000ns})
  Destination:            dut/x1_reg[27]/D
                            (rising edge-triggered cell FDRE clocked by clk  {rise@0.000ns fall@5.000ns period=10.000ns})
  Path Group:             clk
  Path Type:              Setup (Max at Slow Process Corner)
  Requirement:            10.000ns  (clk rise@10.000ns - clk rise@0.000ns)
  Data Path Delay:        3.527ns  (logic 0.275ns (7.796%)  route 3.252ns (92.204%))
  Logic Levels:           2  (LUT6=2)
  Clock Path Skew:        -0.047ns (DCD - SCD + CPR)
    Destination Clock Delay (DCD):    1.377ns = ( 11.377 - 10.000 ) 
    Source Clock Delay      (SCD):    1.734ns
    Clock Pessimism Removal (CPR):    0.310ns
  Clock Uncertainty:      0.035ns  ((TSJ^2 + TIJ^2)^1/2 + DJ) / 2 + PE
    Total System Jitter     (TSJ):    0.071ns
    Total Input Jitter      (TIJ):    0.000ns
    Discrete Jitter          (DJ):    0.000ns
    Phase Error              (PE):    0.000ns
  Clock Net Delay (Source):      0.757ns (routing 0.001ns, distribution 0.756ns)
  Clock Net Delay (Destination): 0.692ns (routing 0.001ns, distribution 0.691ns)

    Location             Delay type                Incr(ns)  Path(ns)    Netlist Resource(s)
  -------------------------------------------------------------------    -------------------
                         (clock clk rise edge)        0.000     0.000 r  
    BJ26                                              0.000     0.000 r  clk (IN)
                         net (fo=0)                   0.000     0.000    clk_IBUF_inst/I
    BJ26                 INBUF (Prop_INBUF_HPIOB_M_PAD_O)
                                                      0.626     0.626 r  clk_IBUF_inst/INBUF_INST/O
                         net (fo=1, routed)           0.000     0.626    clk_IBUF_inst/OUT
    BJ26                 IBUFCTRL (Prop_IBUFCTRL_HPIOB_M_I_O)
                                                      0.000     0.626 r  clk_IBUF_inst/IBUFCTRL_INST/O
                         net (fo=1, routed)           0.323     0.949    clk_IBUF
    BUFGCE_X0Y72         BUFGCE (Prop_BUFCE_BUFGCE_I_O)
                                                      0.028     0.977 r  clk_IBUF_BUFG_inst/O
    X4Y3 (CLOCK_ROOT)    net (fo=617, routed)         0.757     1.734    dut/clk_IBUF_BUFG
    SLICE_X117Y194       FDRE                                         r  dut/state_reg[0]/C
  -------------------------------------------------------------------    -------------------
    SLICE_X117Y194       FDRE (Prop_HFF2_SLICEL_C_Q)
                                                      0.080     1.814 r  dut/state_reg[0]/Q
                         net (fo=148, routed)         1.702     3.516    dut/state_reg_n_0_[0]
    SLICE_X116Y188       LUT6 (Prop_G6LUT_SLICEL_I0_O)
                                                      0.097     3.613 r  dut/x1[61]_i_2/O
                         net (fo=16, routed)          1.484     5.097    dut/x1[61]_i_2_n_0
    SLICE_X122Y186       LUT6 (Prop_C6LUT_SLICEM_I0_O)
                                                      0.098     5.195 r  dut/x1[27]_i_1/O
                         net (fo=1, routed)           0.066     5.261    dut/x1[27]
    SLICE_X122Y186       FDRE                                         r  dut/x1_reg[27]/D
  -------------------------------------------------------------------    -------------------

                         (clock clk rise edge)       10.000    10.000 r  
    BJ26                                              0.000    10.000 r  clk (IN)
                         net (fo=0)                   0.000    10.000    clk_IBUF_inst/I
    BJ26                 INBUF (Prop_INBUF_HPIOB_M_PAD_O)
                                                      0.375    10.375 r  clk_IBUF_inst/INBUF_INST/O
                         net (fo=1, routed)           0.000    10.375    clk_IBUF_inst/OUT
    BJ26                 IBUFCTRL (Prop_IBUFCTRL_HPIOB_M_I_O)
                                                      0.000    10.375 r  clk_IBUF_inst/IBUFCTRL_INST/O
                         net (fo=1, routed)           0.286    10.661    clk_IBUF
    BUFGCE_X0Y72         BUFGCE (Prop_BUFCE_BUFGCE_I_O)
                                                      0.024    10.685 r  clk_IBUF_BUFG_inst/O
    X4Y3 (CLOCK_ROOT)    net (fo=617, routed)         0.692    11.377    dut/clk_IBUF_BUFG
    SLICE_X122Y186       FDRE                                         r  dut/x1_reg[27]/C
                         clock pessimism              0.310    11.687    
                         clock uncertainty           -0.035    11.652    
    SLICE_X122Y186       FDRE (Setup_CFF_SLICEM_C_D)
                                                      0.025    11.677    dut/x1_reg[27]
  -------------------------------------------------------------------
                         required time                         11.677    
                         arrival time                          -5.261    
  -------------------------------------------------------------------
                         slack                                  6.415    

Slack (MET) :             6.439ns  (required time - arrival time)
  Source:                 dut/state_reg[0]/C
                            (rising edge-triggered cell FDRE clocked by clk  {rise@0.000ns fall@5.000ns period=10.000ns})
  Destination:            dut/x1_reg[51]/D
                            (rising edge-triggered cell FDRE clocked by clk  {rise@0.000ns fall@5.000ns period=10.000ns})
  Path Group:             clk
  Path Type:              Setup (Max at Slow Process Corner)
  Requirement:            10.000ns  (clk rise@10.000ns - clk rise@0.000ns)
  Data Path Delay:        3.474ns  (logic 0.326ns (9.383%)  route 3.148ns (90.617%))
  Logic Levels:           2  (LUT6=2)
  Clock Path Skew:        -0.076ns (DCD - SCD + CPR)
    Destination Clock Delay (DCD):    1.348ns = ( 11.348 - 10.000 ) 
    Source Clock Delay      (SCD):    1.734ns
    Clock Pessimism Removal (CPR):    0.310ns
  Clock Uncertainty:      0.035ns  ((TSJ^2 + TIJ^2)^1/2 + DJ) / 2 + PE
    Total System Jitter     (TSJ):    0.071ns
    Total Input Jitter      (TIJ):    0.000ns
    Discrete Jitter          (DJ):    0.000ns
    Phase Error              (PE):    0.000ns
  Clock Net Delay (Source):      0.757ns (routing 0.001ns, distribution 0.756ns)
  Clock Net Delay (Destination): 0.663ns (routing 0.001ns, distribution 0.662ns)

    Location             Delay type                Incr(ns)  Path(ns)    Netlist Resource(s)
  -------------------------------------------------------------------    -------------------
                         (clock clk rise edge)        0.000     0.000 r  
    BJ26                                              0.000     0.000 r  clk (IN)
                         net (fo=0)                   0.000     0.000    clk_IBUF_inst/I
    BJ26                 INBUF (Prop_INBUF_HPIOB_M_PAD_O)
                                                      0.626     0.626 r  clk_IBUF_inst/INBUF_INST/O
                         net (fo=1, routed)           0.000     0.626    clk_IBUF_inst/OUT
    BJ26                 IBUFCTRL (Prop_IBUFCTRL_HPIOB_M_I_O)
                                                      0.000     0.626 r  clk_IBUF_inst/IBUFCTRL_INST/O
                         net (fo=1, routed)           0.323     0.949    clk_IBUF
    BUFGCE_X0Y72         BUFGCE (Prop_BUFCE_BUFGCE_I_O)
                                                      0.028     0.977 r  clk_IBUF_BUFG_inst/O
    X4Y3 (CLOCK_ROOT)    net (fo=617, routed)         0.757     1.734    dut/clk_IBUF_BUFG
    SLICE_X117Y194       FDRE                                         r  dut/state_reg[0]/C
  -------------------------------------------------------------------    -------------------
    SLICE_X117Y194       FDRE (Prop_HFF2_SLICEL_C_Q)
                                                      0.080     1.814 r  dut/state_reg[0]/Q
                         net (fo=148, routed)         1.702     3.516    dut/state_reg_n_0_[0]
    SLICE_X116Y188       LUT6 (Prop_G6LUT_SLICEL_I0_O)
                                                      0.097     3.613 r  dut/x1[61]_i_2/O
                         net (fo=16, routed)          1.398     5.011    dut/x1[61]_i_2_n_0
    SLICE_X120Y185       LUT6 (Prop_A6LUT_SLICEL_I0_O)
                                                      0.149     5.160 r  dut/x1[51]_i_1/O
                         net (fo=1, routed)           0.048     5.208    dut/x1[51]
    SLICE_X120Y185       FDRE                                         r  dut/x1_reg[51]/D
  -------------------------------------------------------------------    -------------------

                         (clock clk rise edge)       10.000    10.000 r  
    BJ26                                              0.000    10.000 r  clk (IN)
                         net (fo=0)                   0.000    10.000    clk_IBUF_inst/I
    BJ26                 INBUF (Prop_INBUF_HPIOB_M_PAD_O)
                                                      0.375    10.375 r  clk_IBUF_inst/INBUF_INST/O
                         net (fo=1, routed)           0.000    10.375    clk_IBUF_inst/OUT
    BJ26                 IBUFCTRL (Prop_IBUFCTRL_HPIOB_M_I_O)
                                                      0.000    10.375 r  clk_IBUF_inst/IBUFCTRL_INST/O
                         net (fo=1, routed)           0.286    10.661    clk_IBUF
    BUFGCE_X0Y72         BUFGCE (Prop_BUFCE_BUFGCE_I_O)
                                                      0.024    10.685 r  clk_IBUF_BUFG_inst/O
    X4Y3 (CLOCK_ROOT)    net (fo=617, routed)         0.663    11.348    dut/clk_IBUF_BUFG
    SLICE_X120Y185       FDRE                                         r  dut/x1_reg[51]/C
                         clock pessimism              0.310    11.658    
                         clock uncertainty           -0.035    11.623    
    SLICE_X120Y185       FDRE (Setup_AFF_SLICEL_C_D)
                                                      0.025    11.648    dut/x1_reg[51]
  -------------------------------------------------------------------
                         required time                         11.648    
                         arrival time                          -5.208    
  -------------------------------------------------------------------
                         slack                                  6.439    

Slack (MET) :             6.509ns  (required time - arrival time)
  Source:                 dut/state_reg[0]/C
                            (rising edge-triggered cell FDRE clocked by clk  {rise@0.000ns fall@5.000ns period=10.000ns})
  Destination:            dut/x1_reg[37]/D
                            (rising edge-triggered cell FDRE clocked by clk  {rise@0.000ns fall@5.000ns period=10.000ns})
  Path Group:             clk
  Path Type:              Setup (Max at Slow Process Corner)
  Requirement:            10.000ns  (clk rise@10.000ns - clk rise@0.000ns)
  Data Path Delay:        3.419ns  (logic 0.228ns (6.668%)  route 3.191ns (93.332%))
  Logic Levels:           2  (LUT6=2)
  Clock Path Skew:        -0.061ns (DCD - SCD + CPR)
    Destination Clock Delay (DCD):    1.362ns = ( 11.362 - 10.000 ) 
    Source Clock Delay      (SCD):    1.734ns
    Clock Pessimism Removal (CPR):    0.310ns
  Clock Uncertainty:      0.035ns  ((TSJ^2 + TIJ^2)^1/2 + DJ) / 2 + PE
    Total System Jitter     (TSJ):    0.071ns
    Total Input Jitter      (TIJ):    0.000ns
    Discrete Jitter          (DJ):    0.000ns
    Phase Error              (PE):    0.000ns
  Clock Net Delay (Source):      0.757ns (routing 0.001ns, distribution 0.756ns)
  Clock Net Delay (Destination): 0.678ns (routing 0.001ns, distribution 0.677ns)

    Location             Delay type                Incr(ns)  Path(ns)    Netlist Resource(s)
  -------------------------------------------------------------------    -------------------
                         (clock clk rise edge)        0.000     0.000 r  
    BJ26                                              0.000     0.000 r  clk (IN)
                         net (fo=0)                   0.000     0.000    clk_IBUF_inst/I
    BJ26                 INBUF (Prop_INBUF_HPIOB_M_PAD_O)
                                                      0.626     0.626 r  clk_IBUF_inst/INBUF_INST/O
                         net (fo=1, routed)           0.000     0.626    clk_IBUF_inst/OUT
    BJ26                 IBUFCTRL (Prop_IBUFCTRL_HPIOB_M_I_O)
                                                      0.000     0.626 r  clk_IBUF_inst/IBUFCTRL_INST/O
                         net (fo=1, routed)           0.323     0.949    clk_IBUF
    BUFGCE_X0Y72         BUFGCE (Prop_BUFCE_BUFGCE_I_O)
                                                      0.028     0.977 r  clk_IBUF_BUFG_inst/O
    X4Y3 (CLOCK_ROOT)    net (fo=617, routed)         0.757     1.734    dut/clk_IBUF_BUFG
    SLICE_X117Y194       FDRE                                         r  dut/state_reg[0]/C
  -------------------------------------------------------------------    -------------------
    SLICE_X117Y194       FDRE (Prop_HFF2_SLICEL_C_Q)
                                                      0.080     1.814 r  dut/state_reg[0]/Q
                         net (fo=148, routed)         1.702     3.516    dut/state_reg_n_0_[0]
    SLICE_X116Y188       LUT6 (Prop_G6LUT_SLICEL_I0_O)
                                                      0.097     3.613 r  dut/x1[61]_i_2/O
                         net (fo=16, routed)          1.422     5.035    dut/x1[61]_i_2_n_0
    SLICE_X121Y184       LUT6 (Prop_F6LUT_SLICEM_I0_O)
                                                      0.051     5.086 r  dut/x1[37]_i_1/O
                         net (fo=1, routed)           0.067     5.153    dut/x1[37]
    SLICE_X121Y184       FDRE                                         r  dut/x1_reg[37]/D
  -------------------------------------------------------------------    -------------------

                         (clock clk rise edge)       10.000    10.000 r  
    BJ26                                              0.000    10.000 r  clk (IN)
                         net (fo=0)                   0.000    10.000    clk_IBUF_inst/I
    BJ26                 INBUF (Prop_INBUF_HPIOB_M_PAD_O)
                                                      0.375    10.375 r  clk_IBUF_inst/INBUF_INST/O
                         net (fo=1, routed)           0.000    10.375    clk_IBUF_inst/OUT
    BJ26                 IBUFCTRL (Prop_IBUFCTRL_HPIOB_M_I_O)
                                                      0.000    10.375 r  clk_IBUF_inst/IBUFCTRL_INST/O
                         net (fo=1, routed)           0.286    10.661    clk_IBUF
    BUFGCE_X0Y72         BUFGCE (Prop_BUFCE_BUFGCE_I_O)
                                                      0.024    10.685 r  clk_IBUF_BUFG_inst/O
    X4Y3 (CLOCK_ROOT)    net (fo=617, routed)         0.678    11.362    dut/clk_IBUF_BUFG
    SLICE_X121Y184       FDRE                                         r  dut/x1_reg[37]/C
                         clock pessimism              0.310    11.673    
                         clock uncertainty           -0.035    11.637    
    SLICE_X121Y184       FDRE (Setup_FFF_SLICEM_C_D)
                                                      0.025    11.662    dut/x1_reg[37]
  -------------------------------------------------------------------
                         required time                         11.662    
                         arrival time                          -5.153    
  -------------------------------------------------------------------
                         slack                                  6.509    

Slack (MET) :             6.534ns  (required time - arrival time)
  Source:                 dut/state_reg[2]/C
                            (rising edge-triggered cell FDRE clocked by clk  {rise@0.000ns fall@5.000ns period=10.000ns})
  Destination:            dut/x3_reg[4]/D
                            (rising edge-triggered cell FDRE clocked by clk  {rise@0.000ns fall@5.000ns period=10.000ns})
  Path Group:             clk
  Path Type:              Setup (Max at Slow Process Corner)
  Requirement:            10.000ns  (clk rise@10.000ns - clk rise@0.000ns)
  Data Path Delay:        3.402ns  (logic 0.325ns (9.553%)  route 3.077ns (90.447%))
  Logic Levels:           2  (LUT4=1 LUT6=1)
  Clock Path Skew:        -0.053ns (DCD - SCD + CPR)
    Destination Clock Delay (DCD):    1.370ns = ( 11.370 - 10.000 ) 
    Source Clock Delay      (SCD):    1.734ns
    Clock Pessimism Removal (CPR):    0.310ns
  Clock Uncertainty:      0.035ns  ((TSJ^2 + TIJ^2)^1/2 + DJ) / 2 + PE
    Total System Jitter     (TSJ):    0.071ns
    Total Input Jitter      (TIJ):    0.000ns
    Discrete Jitter          (DJ):    0.000ns
    Phase Error              (PE):    0.000ns
  Clock Net Delay (Source):      0.757ns (routing 0.001ns, distribution 0.756ns)
  Clock Net Delay (Destination): 0.686ns (routing 0.001ns, distribution 0.685ns)

    Location             Delay type                Incr(ns)  Path(ns)    Netlist Resource(s)
  -------------------------------------------------------------------    -------------------
                         (clock clk rise edge)        0.000     0.000 r  
    BJ26                                              0.000     0.000 r  clk (IN)
                         net (fo=0)                   0.000     0.000    clk_IBUF_inst/I
    BJ26                 INBUF (Prop_INBUF_HPIOB_M_PAD_O)
                                                      0.626     0.626 r  clk_IBUF_inst/INBUF_INST/O
                         net (fo=1, routed)           0.000     0.626    clk_IBUF_inst/OUT
    BJ26                 IBUFCTRL (Prop_IBUFCTRL_HPIOB_M_I_O)
                                                      0.000     0.626 r  clk_IBUF_inst/IBUFCTRL_INST/O
                         net (fo=1, routed)           0.323     0.949    clk_IBUF
    BUFGCE_X0Y72         BUFGCE (Prop_BUFCE_BUFGCE_I_O)
                                                      0.028     0.977 r  clk_IBUF_BUFG_inst/O
    X4Y3 (CLOCK_ROOT)    net (fo=617, routed)         0.757     1.734    dut/clk_IBUF_BUFG
    SLICE_X117Y194       FDRE                                         r  dut/state_reg[2]/C
  -------------------------------------------------------------------    -------------------
    SLICE_X117Y194       FDRE (Prop_FFF2_SLICEL_C_Q)
                                                      0.081     1.815 r  dut/state_reg[2]/Q
                         net (fo=156, routed)         1.649     3.464    dut/state_reg_n_0_[2]
    SLICE_X116Y188       LUT4 (Prop_D5LUT_SLICEL_I3_O)
                                                      0.096     3.560 r  dut/x3[60]_i_5/O
                         net (fo=20, routed)          1.361     4.921    dut/x3[60]_i_5_n_0
    SLICE_X126Y191       LUT6 (Prop_F6LUT_SLICEM_I5_O)
                                                      0.148     5.069 r  dut/x3[4]_i_1/O
                         net (fo=1, routed)           0.067     5.136    dut/x3[4]
    SLICE_X126Y191       FDRE                                         r  dut/x3_reg[4]/D
  -------------------------------------------------------------------    -------------------

                         (clock clk rise edge)       10.000    10.000 r  
    BJ26                                              0.000    10.000 r  clk (IN)
                         net (fo=0)                   0.000    10.000    clk_IBUF_inst/I
    BJ26                 INBUF (Prop_INBUF_HPIOB_M_PAD_O)
                                                      0.375    10.375 r  clk_IBUF_inst/INBUF_INST/O
                         net (fo=1, routed)           0.000    10.375    clk_IBUF_inst/OUT
    BJ26                 IBUFCTRL (Prop_IBUFCTRL_HPIOB_M_I_O)
                                                      0.000    10.375 r  clk_IBUF_inst/IBUFCTRL_INST/O
                         net (fo=1, routed)           0.286    10.661    clk_IBUF
    BUFGCE_X0Y72         BUFGCE (Prop_BUFCE_BUFGCE_I_O)
                                                      0.024    10.685 r  clk_IBUF_BUFG_inst/O
    X4Y3 (CLOCK_ROOT)    net (fo=617, routed)         0.686    11.370    dut/clk_IBUF_BUFG
    SLICE_X126Y191       FDRE                                         r  dut/x3_reg[4]/C
                         clock pessimism              0.310    11.681    
                         clock uncertainty           -0.035    11.645    
    SLICE_X126Y191       FDRE (Setup_FFF_SLICEM_C_D)
                                                      0.025    11.670    dut/x3_reg[4]
  -------------------------------------------------------------------
                         required time                         11.670    
                         arrival time                          -5.136    
  -------------------------------------------------------------------
                         slack                                  6.534    

Slack (MET) :             6.596ns  (required time - arrival time)
  Source:                 dut/state_reg[3]/C
                            (rising edge-triggered cell FDRE clocked by clk  {rise@0.000ns fall@5.000ns period=10.000ns})
  Destination:            dut/tag_out_reg[67]/CE
                            (rising edge-triggered cell FDRE clocked by clk  {rise@0.000ns fall@5.000ns period=10.000ns})
  Path Group:             clk
  Path Type:              Setup (Max at Slow Process Corner)
  Requirement:            10.000ns  (clk rise@10.000ns - clk rise@0.000ns)
  Data Path Delay:        3.256ns  (logic 0.206ns (6.327%)  route 3.050ns (93.673%))
  Logic Levels:           1  (LUT5=1)
  Clock Path Skew:        -0.053ns (DCD - SCD + CPR)
    Destination Clock Delay (DCD):    1.371ns = ( 11.371 - 10.000 ) 
    Source Clock Delay      (SCD):    1.734ns
    Clock Pessimism Removal (CPR):    0.310ns
  Clock Uncertainty:      0.035ns  ((TSJ^2 + TIJ^2)^1/2 + DJ) / 2 + PE
    Total System Jitter     (TSJ):    0.071ns
    Total Input Jitter      (TIJ):    0.000ns
    Discrete Jitter          (DJ):    0.000ns
    Phase Error              (PE):    0.000ns
  Clock Net Delay (Source):      0.757ns (routing 0.001ns, distribution 0.756ns)
  Clock Net Delay (Destination): 0.686ns (routing 0.001ns, distribution 0.685ns)

    Location             Delay type                Incr(ns)  Path(ns)    Netlist Resource(s)
  -------------------------------------------------------------------    -------------------
                         (clock clk rise edge)        0.000     0.000 r  
    BJ26                                              0.000     0.000 r  clk (IN)
                         net (fo=0)                   0.000     0.000    clk_IBUF_inst/I
    BJ26                 INBUF (Prop_INBUF_HPIOB_M_PAD_O)
                                                      0.626     0.626 r  clk_IBUF_inst/INBUF_INST/O
                         net (fo=1, routed)           0.000     0.626    clk_IBUF_inst/OUT
    BJ26                 IBUFCTRL (Prop_IBUFCTRL_HPIOB_M_I_O)
                                                      0.000     0.626 r  clk_IBUF_inst/IBUFCTRL_INST/O
                         net (fo=1, routed)           0.323     0.949    clk_IBUF
    BUFGCE_X0Y72         BUFGCE (Prop_BUFCE_BUFGCE_I_O)
                                                      0.028     0.977 r  clk_IBUF_BUFG_inst/O
    X4Y3 (CLOCK_ROOT)    net (fo=617, routed)         0.757     1.734    dut/clk_IBUF_BUFG
    SLICE_X117Y194       FDRE                                         r  dut/state_reg[3]/C
  -------------------------------------------------------------------    -------------------
    SLICE_X117Y194       FDRE (Prop_EFF2_SLICEL_C_Q)
                                                      0.081     1.815 r  dut/state_reg[3]/Q
                         net (fo=190, routed)         0.456     2.271    dut/state_reg_n_0_[3]
    SLICE_X121Y195       LUT5 (Prop_B6LUT_SLICEM_I2_O)
                                                      0.125     2.396 r  dut/tag_out[127]_i_1/O
                         net (fo=160, routed)         2.594     4.990    dut/tag_out[127]_i_1_n_0
    SLICE_X123Y188       FDRE                                         r  dut/tag_out_reg[67]/CE
  -------------------------------------------------------------------    -------------------

                         (clock clk rise edge)       10.000    10.000 r  
    BJ26                                              0.000    10.000 r  clk (IN)
                         net (fo=0)                   0.000    10.000    clk_IBUF_inst/I
    BJ26                 INBUF (Prop_INBUF_HPIOB_M_PAD_O)
                                                      0.375    10.375 r  clk_IBUF_inst/INBUF_INST/O
                         net (fo=1, routed)           0.000    10.375    clk_IBUF_inst/OUT
    BJ26                 IBUFCTRL (Prop_IBUFCTRL_HPIOB_M_I_O)
                                                      0.000    10.375 r  clk_IBUF_inst/IBUFCTRL_INST/O
                         net (fo=1, routed)           0.286    10.661    clk_IBUF
    BUFGCE_X0Y72         BUFGCE (Prop_BUFCE_BUFGCE_I_O)
                                                      0.024    10.685 r  clk_IBUF_BUFG_inst/O
    X4Y3 (CLOCK_ROOT)    net (fo=617, routed)         0.686    11.371    dut/clk_IBUF_BUFG
    SLICE_X123Y188       FDRE                                         r  dut/tag_out_reg[67]/C
                         clock pessimism              0.310    11.681    
                         clock uncertainty           -0.035    11.646    
    SLICE_X123Y188       FDRE (Setup_HFF_SLICEL_C_CE)
                                                     -0.060    11.586    dut/tag_out_reg[67]
  -------------------------------------------------------------------
                         required time                         11.586    
                         arrival time                          -4.990    
  -------------------------------------------------------------------
                         slack                                  6.596    

Slack (MET) :             6.628ns  (required time - arrival time)
  Source:                 dut/state_reg[2]/C
                            (rising edge-triggered cell FDRE clocked by clk  {rise@0.000ns fall@5.000ns period=10.000ns})
  Destination:            dut/x3_reg[58]/D
                            (rising edge-triggered cell FDRE clocked by clk  {rise@0.000ns fall@5.000ns period=10.000ns})
  Path Group:             clk
  Path Type:              Setup (Max at Slow Process Corner)
  Requirement:            10.000ns  (clk rise@10.000ns - clk rise@0.000ns)
  Data Path Delay:        3.308ns  (logic 0.214ns (6.469%)  route 3.094ns (93.531%))
  Logic Levels:           2  (LUT4=1 LUT6=1)
  Clock Path Skew:        -0.053ns (DCD - SCD + CPR)
    Destination Clock Delay (DCD):    1.370ns = ( 11.370 - 10.000 ) 
    Source Clock Delay      (SCD):    1.734ns
    Clock Pessimism Removal (CPR):    0.310ns
  Clock Uncertainty:      0.035ns  ((TSJ^2 + TIJ^2)^1/2 + DJ) / 2 + PE
    Total System Jitter     (TSJ):    0.071ns
    Total Input Jitter      (TIJ):    0.000ns
    Discrete Jitter          (DJ):    0.000ns
    Phase Error              (PE):    0.000ns
  Clock Net Delay (Source):      0.757ns (routing 0.001ns, distribution 0.756ns)
  Clock Net Delay (Destination): 0.686ns (routing 0.001ns, distribution 0.685ns)

    Location             Delay type                Incr(ns)  Path(ns)    Netlist Resource(s)
  -------------------------------------------------------------------    -------------------
                         (clock clk rise edge)        0.000     0.000 r  
    BJ26                                              0.000     0.000 r  clk (IN)
                         net (fo=0)                   0.000     0.000    clk_IBUF_inst/I
    BJ26                 INBUF (Prop_INBUF_HPIOB_M_PAD_O)
                                                      0.626     0.626 r  clk_IBUF_inst/INBUF_INST/O
                         net (fo=1, routed)           0.000     0.626    clk_IBUF_inst/OUT
    BJ26                 IBUFCTRL (Prop_IBUFCTRL_HPIOB_M_I_O)
                                                      0.000     0.626 r  clk_IBUF_inst/IBUFCTRL_INST/O
                         net (fo=1, routed)           0.323     0.949    clk_IBUF
    BUFGCE_X0Y72         BUFGCE (Prop_BUFCE_BUFGCE_I_O)
                                                      0.028     0.977 r  clk_IBUF_BUFG_inst/O
    X4Y3 (CLOCK_ROOT)    net (fo=617, routed)         0.757     1.734    dut/clk_IBUF_BUFG
    SLICE_X117Y194       FDRE                                         r  dut/state_reg[2]/C
  -------------------------------------------------------------------    -------------------
    SLICE_X117Y194       FDRE (Prop_FFF2_SLICEL_C_Q)
                                                      0.081     1.815 r  dut/state_reg[2]/Q
                         net (fo=156, routed)         1.649     3.464    dut/state_reg_n_0_[2]
    SLICE_X116Y188       LUT4 (Prop_D5LUT_SLICEL_I3_O)
                                                      0.096     3.560 r  dut/x3[60]_i_5/O
                         net (fo=20, routed)          1.390     4.950    dut/x3[60]_i_5_n_0
    SLICE_X126Y191       LUT6 (Prop_E6LUT_SLICEM_I4_O)
                                                      0.037     4.987 r  dut/x3[58]_i_1/O
                         net (fo=1, routed)           0.055     5.042    dut/x3[58]
    SLICE_X126Y191       FDRE                                         r  dut/x3_reg[58]/D
  -------------------------------------------------------------------    -------------------

                         (clock clk rise edge)       10.000    10.000 r  
    BJ26                                              0.000    10.000 r  clk (IN)
                         net (fo=0)                   0.000    10.000    clk_IBUF_inst/I
    BJ26                 INBUF (Prop_INBUF_HPIOB_M_PAD_O)
                                                      0.375    10.375 r  clk_IBUF_inst/INBUF_INST/O
                         net (fo=1, routed)           0.000    10.375    clk_IBUF_inst/OUT
    BJ26                 IBUFCTRL (Prop_IBUFCTRL_HPIOB_M_I_O)
                                                      0.000    10.375 r  clk_IBUF_inst/IBUFCTRL_INST/O
                         net (fo=1, routed)           0.286    10.661    clk_IBUF
    BUFGCE_X0Y72         BUFGCE (Prop_BUFCE_BUFGCE_I_O)
                                                      0.024    10.685 r  clk_IBUF_BUFG_inst/O
    X4Y3 (CLOCK_ROOT)    net (fo=617, routed)         0.686    11.370    dut/clk_IBUF_BUFG
    SLICE_X126Y191       FDRE                                         r  dut/x3_reg[58]/C
                         clock pessimism              0.310    11.681    
                         clock uncertainty           -0.035    11.645    
    SLICE_X126Y191       FDRE (Setup_EFF_SLICEM_C_D)
                                                      0.025    11.670    dut/x3_reg[58]
  -------------------------------------------------------------------
                         required time                         11.670    
                         arrival time                          -5.042    
  -------------------------------------------------------------------
                         slack                                  6.628    

Slack (MET) :             6.657ns  (required time - arrival time)
  Source:                 dut/state_reg[2]/C
                            (rising edge-triggered cell FDRE clocked by clk  {rise@0.000ns fall@5.000ns period=10.000ns})
  Destination:            dut/x3_reg[44]/D
                            (rising edge-triggered cell FDRE clocked by clk  {rise@0.000ns fall@5.000ns period=10.000ns})
  Path Group:             clk
  Path Type:              Setup (Max at Slow Process Corner)
  Requirement:            10.000ns  (clk rise@10.000ns - clk rise@0.000ns)
  Data Path Delay:        3.285ns  (logic 0.329ns (10.014%)  route 2.956ns (89.986%))
  Logic Levels:           2  (LUT4=1 LUT6=1)
  Clock Path Skew:        -0.048ns (DCD - SCD + CPR)
    Destination Clock Delay (DCD):    1.376ns = ( 11.376 - 10.000 ) 
    Source Clock Delay      (SCD):    1.734ns
    Clock Pessimism Removal (CPR):    0.310ns
  Clock Uncertainty:      0.035ns  ((TSJ^2 + TIJ^2)^1/2 + DJ) / 2 + PE
    Total System Jitter     (TSJ):    0.071ns
    Total Input Jitter      (TIJ):    0.000ns
    Discrete Jitter          (DJ):    0.000ns
    Phase Error              (PE):    0.000ns
  Clock Net Delay (Source):      0.757ns (routing 0.001ns, distribution 0.756ns)
  Clock Net Delay (Destination): 0.691ns (routing 0.001ns, distribution 0.690ns)

    Location             Delay type                Incr(ns)  Path(ns)    Netlist Resource(s)
  -------------------------------------------------------------------    -------------------
                         (clock clk rise edge)        0.000     0.000 r  
    BJ26                                              0.000     0.000 r  clk (IN)
                         net (fo=0)                   0.000     0.000    clk_IBUF_inst/I
    BJ26                 INBUF (Prop_INBUF_HPIOB_M_PAD_O)
                                                      0.626     0.626 r  clk_IBUF_inst/INBUF_INST/O
                         net (fo=1, routed)           0.000     0.626    clk_IBUF_inst/OUT
    BJ26                 IBUFCTRL (Prop_IBUFCTRL_HPIOB_M_I_O)
                                                      0.000     0.626 r  clk_IBUF_inst/IBUFCTRL_INST/O
                         net (fo=1, routed)           0.323     0.949    clk_IBUF
    BUFGCE_X0Y72         BUFGCE (Prop_BUFCE_BUFGCE_I_O)
                                                      0.028     0.977 r  clk_IBUF_BUFG_inst/O
    X4Y3 (CLOCK_ROOT)    net (fo=617, routed)         0.757     1.734    dut/clk_IBUF_BUFG
    SLICE_X117Y194       FDRE                                         r  dut/state_reg[2]/C
  -------------------------------------------------------------------    -------------------
    SLICE_X117Y194       FDRE (Prop_FFF2_SLICEL_C_Q)
                                                      0.081     1.815 r  dut/state_reg[2]/Q
                         net (fo=156, routed)         1.649     3.464    dut/state_reg_n_0_[2]
    SLICE_X116Y188       LUT4 (Prop_D5LUT_SLICEL_I3_O)
                                                      0.096     3.560 r  dut/x3[60]_i_5/O
                         net (fo=20, routed)          1.249     4.809    dut/x3[60]_i_5_n_0
    SLICE_X122Y185       LUT6 (Prop_H6LUT_SLICEM_I5_O)
                                                      0.152     4.961 r  dut/x3[44]_i_1/O
                         net (fo=1, routed)           0.058     5.019    dut/x3[44]
    SLICE_X122Y185       FDRE                                         r  dut/x3_reg[44]/D
  -------------------------------------------------------------------    -------------------

                         (clock clk rise edge)       10.000    10.000 r  
    BJ26                                              0.000    10.000 r  clk (IN)
                         net (fo=0)                   0.000    10.000    clk_IBUF_inst/I
    BJ26                 INBUF (Prop_INBUF_HPIOB_M_PAD_O)
                                                      0.375    10.375 r  clk_IBUF_inst/INBUF_INST/O
                         net (fo=1, routed)           0.000    10.375    clk_IBUF_inst/OUT
    BJ26                 IBUFCTRL (Prop_IBUFCTRL_HPIOB_M_I_O)
                                                      0.000    10.375 r  clk_IBUF_inst/IBUFCTRL_INST/O
                         net (fo=1, routed)           0.286    10.661    clk_IBUF
    BUFGCE_X0Y72         BUFGCE (Prop_BUFCE_BUFGCE_I_O)
                                                      0.024    10.685 r  clk_IBUF_BUFG_inst/O
    X4Y3 (CLOCK_ROOT)    net (fo=617, routed)         0.691    11.376    dut/clk_IBUF_BUFG
    SLICE_X122Y185       FDRE                                         r  dut/x3_reg[44]/C
                         clock pessimism              0.310    11.686    
                         clock uncertainty           -0.035    11.651    
    SLICE_X122Y185       FDRE (Setup_HFF_SLICEM_C_D)
                                                      0.025    11.676    dut/x3_reg[44]
  -------------------------------------------------------------------
                         required time                         11.676    
                         arrival time                          -5.019    
  -------------------------------------------------------------------
                         slack                                  6.657    

Slack (MET) :             6.657ns  (required time - arrival time)
  Source:                 dut/state_reg[3]/C
                            (rising edge-triggered cell FDRE clocked by clk  {rise@0.000ns fall@5.000ns period=10.000ns})
  Destination:            dut/tag_out_reg[41]/CE
                            (rising edge-triggered cell FDRE clocked by clk  {rise@0.000ns fall@5.000ns period=10.000ns})
  Path Group:             clk
  Path Type:              Setup (Max at Slow Process Corner)
  Requirement:            10.000ns  (clk rise@10.000ns - clk rise@0.000ns)
  Data Path Delay:        3.206ns  (logic 0.206ns (6.425%)  route 3.000ns (93.575%))
  Logic Levels:           1  (LUT5=1)
  Clock Path Skew:        -0.041ns (DCD - SCD + CPR)
    Destination Clock Delay (DCD):    1.382ns = ( 11.382 - 10.000 ) 
    Source Clock Delay      (SCD):    1.734ns
    Clock Pessimism Removal (CPR):    0.310ns
  Clock Uncertainty:      0.035ns  ((TSJ^2 + TIJ^2)^1/2 + DJ) / 2 + PE
    Total System Jitter     (TSJ):    0.071ns
    Total Input Jitter      (TIJ):    0.000ns
    Discrete Jitter          (DJ):    0.000ns
    Phase Error              (PE):    0.000ns
  Clock Net Delay (Source):      0.757ns (routing 0.001ns, distribution 0.756ns)
  Clock Net Delay (Destination): 0.698ns (routing 0.001ns, distribution 0.697ns)

    Location             Delay type                Incr(ns)  Path(ns)    Netlist Resource(s)
  -------------------------------------------------------------------    -------------------
                         (clock clk rise edge)        0.000     0.000 r  
    BJ26                                              0.000     0.000 r  clk (IN)
                         net (fo=0)                   0.000     0.000    clk_IBUF_inst/I
    BJ26                 INBUF (Prop_INBUF_HPIOB_M_PAD_O)
                                                      0.626     0.626 r  clk_IBUF_inst/INBUF_INST/O
                         net (fo=1, routed)           0.000     0.626    clk_IBUF_inst/OUT
    BJ26                 IBUFCTRL (Prop_IBUFCTRL_HPIOB_M_I_O)
                                                      0.000     0.626 r  clk_IBUF_inst/IBUFCTRL_INST/O
                         net (fo=1, routed)           0.323     0.949    clk_IBUF
    BUFGCE_X0Y72         BUFGCE (Prop_BUFCE_BUFGCE_I_O)
                                                      0.028     0.977 r  clk_IBUF_BUFG_inst/O
    X4Y3 (CLOCK_ROOT)    net (fo=617, routed)         0.757     1.734    dut/clk_IBUF_BUFG
    SLICE_X117Y194       FDRE                                         r  dut/state_reg[3]/C
  -------------------------------------------------------------------    -------------------
    SLICE_X117Y194       FDRE (Prop_EFF2_SLICEL_C_Q)
                                                      0.081     1.815 r  dut/state_reg[3]/Q
                         net (fo=190, routed)         0.456     2.271    dut/state_reg_n_0_[3]
    SLICE_X121Y195       LUT5 (Prop_B6LUT_SLICEM_I2_O)
                                                      0.125     2.396 r  dut/tag_out[127]_i_1/O
                         net (fo=160, routed)         2.545     4.940    dut/tag_out[127]_i_1_n_0
    SLICE_X127Y186       FDRE                                         r  dut/tag_out_reg[41]/CE
  -------------------------------------------------------------------    -------------------

                         (clock clk rise edge)       10.000    10.000 r  
    BJ26                                              0.000    10.000 r  clk (IN)
                         net (fo=0)                   0.000    10.000    clk_IBUF_inst/I
    BJ26                 INBUF (Prop_INBUF_HPIOB_M_PAD_O)
                                                      0.375    10.375 r  clk_IBUF_inst/INBUF_INST/O
                         net (fo=1, routed)           0.000    10.375    clk_IBUF_inst/OUT
    BJ26                 IBUFCTRL (Prop_IBUFCTRL_HPIOB_M_I_O)
                                                      0.000    10.375 r  clk_IBUF_inst/IBUFCTRL_INST/O
                         net (fo=1, routed)           0.286    10.661    clk_IBUF
    BUFGCE_X0Y72         BUFGCE (Prop_BUFCE_BUFGCE_I_O)
                                                      0.024    10.685 r  clk_IBUF_BUFG_inst/O
    X4Y3 (CLOCK_ROOT)    net (fo=617, routed)         0.698    11.382    dut/clk_IBUF_BUFG
    SLICE_X127Y186       FDRE                                         r  dut/tag_out_reg[41]/C
                         clock pessimism              0.310    11.693    
                         clock uncertainty           -0.035    11.657    
    SLICE_X127Y186       FDRE (Setup_HFF2_SLICEL_C_CE)
                                                     -0.060    11.597    dut/tag_out_reg[41]
  -------------------------------------------------------------------
                         required time                         11.597    
                         arrival time                          -4.940    
  -------------------------------------------------------------------
                         slack                                  6.657    





Min Delay Paths
--------------------------------------------------------------------------------------
Slack (MET) :             0.040ns  (arrival time - required time)
  Source:                 dut/data_out_reg[5]/C
                            (rising edge-triggered cell FDRE clocked by clk  {rise@0.000ns fall@5.000ns period=10.000ns})
  Destination:            activity_reg_reg[5]/D
                            (rising edge-triggered cell FDRE clocked by clk  {rise@0.000ns fall@5.000ns period=10.000ns})
  Path Group:             clk
  Path Type:              Hold (Min at Fast Process Corner)
  Requirement:            0.000ns  (clk rise@0.000ns - clk rise@0.000ns)
  Data Path Delay:        0.123ns  (logic 0.054ns (43.902%)  route 0.069ns (56.098%))
  Logic Levels:           1  (LUT3=1)
  Clock Path Skew:        0.037ns (DCD - SCD - CPR)
    Destination Clock Delay (DCD):    1.127ns
    Source Clock Delay      (SCD):    0.854ns
    Clock Pessimism Removal (CPR):    0.236ns
  Clock Net Delay (Source):      0.433ns (routing 0.000ns, distribution 0.433ns)
  Clock Net Delay (Destination): 0.481ns (routing 0.001ns, distribution 0.480ns)

    Location             Delay type                Incr(ns)  Path(ns)    Netlist Resource(s)
  -------------------------------------------------------------------    -------------------
                         (clock clk rise edge)        0.000     0.000 r  
    BJ26                                              0.000     0.000 r  clk (IN)
                         net (fo=0)                   0.000     0.000    clk_IBUF_inst/I
    BJ26                 INBUF (Prop_INBUF_HPIOB_M_PAD_O)
                                                      0.260     0.260 r  clk_IBUF_inst/INBUF_INST/O
                         net (fo=1, routed)           0.000     0.260    clk_IBUF_inst/OUT
    BJ26                 IBUFCTRL (Prop_IBUFCTRL_HPIOB_M_I_O)
                                                      0.000     0.260 r  clk_IBUF_inst/IBUFCTRL_INST/O
                         net (fo=1, routed)           0.144     0.404    clk_IBUF
    BUFGCE_X0Y72         BUFGCE (Prop_BUFCE_BUFGCE_I_O)
                                                      0.017     0.421 r  clk_IBUF_BUFG_inst/O
    X4Y3 (CLOCK_ROOT)    net (fo=617, routed)         0.433     0.854    dut/clk_IBUF_BUFG
    SLICE_X118Y194       FDRE                                         r  dut/data_out_reg[5]/C
  -------------------------------------------------------------------    -------------------
    SLICE_X118Y194       FDRE (Prop_FFF2_SLICEM_C_Q)
                                                      0.040     0.894 r  dut/data_out_reg[5]/Q
                         net (fo=1, routed)           0.052     0.946    dut/data_out[5]
    SLICE_X117Y194       LUT3 (Prop_C6LUT_SLICEL_I1_O)
                                                      0.014     0.960 r  dut/activity_reg[5]_i_1/O
                         net (fo=1, routed)           0.017     0.977    dut_n_32
    SLICE_X117Y194       FDRE                                         r  activity_reg_reg[5]/D
  -------------------------------------------------------------------    -------------------

                         (clock clk rise edge)        0.000     0.000 r  
    BJ26                                              0.000     0.000 r  clk (IN)
                         net (fo=0)                   0.000     0.000    clk_IBUF_inst/I
    BJ26                 INBUF (Prop_INBUF_HPIOB_M_PAD_O)
                                                      0.446     0.446 r  clk_IBUF_inst/INBUF_INST/O
                         net (fo=1, routed)           0.000     0.446    clk_IBUF_inst/OUT
    BJ26                 IBUFCTRL (Prop_IBUFCTRL_HPIOB_M_I_O)
                                                      0.000     0.446 r  clk_IBUF_inst/IBUFCTRL_INST/O
                         net (fo=1, routed)           0.181     0.627    clk_IBUF
    BUFGCE_X0Y72         BUFGCE (Prop_BUFCE_BUFGCE_I_O)
                                                      0.019     0.646 r  clk_IBUF_BUFG_inst/O
    X4Y3 (CLOCK_ROOT)    net (fo=617, routed)         0.481     1.127    clk_IBUF_BUFG
    SLICE_X117Y194       FDRE                                         r  activity_reg_reg[5]/C
                         clock pessimism             -0.236     0.891    
    SLICE_X117Y194       FDRE (Hold_CFF_SLICEL_C_D)
                                                      0.046     0.937    activity_reg_reg[5]
  -------------------------------------------------------------------
                         required time                         -0.937    
                         arrival time                           0.977    
  -------------------------------------------------------------------
                         slack                                  0.040    

Slack (MET) :             0.045ns  (arrival time - required time)
  Source:                 hold_ctr_reg[31]/C
                            (rising edge-triggered cell FDRE clocked by clk  {rise@0.000ns fall@5.000ns period=10.000ns})
  Destination:            hold_ctr_reg[5]/D
                            (rising edge-triggered cell FDRE clocked by clk  {rise@0.000ns fall@5.000ns period=10.000ns})
  Path Group:             clk
  Path Type:              Hold (Min at Fast Process Corner)
  Requirement:            0.000ns  (clk rise@0.000ns - clk rise@0.000ns)
  Data Path Delay:        0.145ns  (logic 0.054ns (37.326%)  route 0.091ns (62.674%))
  Logic Levels:           1  (LUT6=1)
  Clock Path Skew:        0.054ns (DCD - SCD - CPR)
    Destination Clock Delay (DCD):    1.121ns
    Source Clock Delay      (SCD):    0.831ns
    Clock Pessimism Removal (CPR):    0.236ns
  Clock Net Delay (Source):      0.410ns (routing 0.000ns, distribution 0.410ns)
  Clock Net Delay (Destination): 0.475ns (routing 0.001ns, distribution 0.474ns)

    Location             Delay type                Incr(ns)  Path(ns)    Netlist Resource(s)
  -------------------------------------------------------------------    -------------------
                         (clock clk rise edge)        0.000     0.000 r  
    BJ26                                              0.000     0.000 r  clk (IN)
                         net (fo=0)                   0.000     0.000    clk_IBUF_inst/I
    BJ26                 INBUF (Prop_INBUF_HPIOB_M_PAD_O)
                                                      0.260     0.260 r  clk_IBUF_inst/INBUF_INST/O
                         net (fo=1, routed)           0.000     0.260    clk_IBUF_inst/OUT
    BJ26                 IBUFCTRL (Prop_IBUFCTRL_HPIOB_M_I_O)
                                                      0.000     0.260 r  clk_IBUF_inst/IBUFCTRL_INST/O
                         net (fo=1, routed)           0.144     0.404    clk_IBUF
    BUFGCE_X0Y72         BUFGCE (Prop_BUFCE_BUFGCE_I_O)
                                                      0.017     0.421 r  clk_IBUF_BUFG_inst/O
    X4Y3 (CLOCK_ROOT)    net (fo=617, routed)         0.410     0.831    clk_IBUF_BUFG
    SLICE_X117Y212       FDRE                                         r  hold_ctr_reg[31]/C
  -------------------------------------------------------------------    -------------------
    SLICE_X117Y212       FDRE (Prop_CFF_SLICEL_C_Q)
                                                      0.039     0.870 r  hold_ctr_reg[31]/Q
                         net (fo=34, routed)          0.074     0.943    hold_ctr_reg_n_0_[31]
    SLICE_X117Y209       LUT6 (Prop_H6LUT_SLICEL_I0_O)
                                                      0.015     0.958 r  hold_ctr[5]_i_1/O
                         net (fo=1, routed)           0.017     0.975    hold_ctr[5]
    SLICE_X117Y209       FDRE                                         r  hold_ctr_reg[5]/D
  -------------------------------------------------------------------    -------------------

                         (clock clk rise edge)        0.000     0.000 r  
    BJ26                                              0.000     0.000 r  clk (IN)
                         net (fo=0)                   0.000     0.000    clk_IBUF_inst/I
    BJ26                 INBUF (Prop_INBUF_HPIOB_M_PAD_O)
                                                      0.446     0.446 r  clk_IBUF_inst/INBUF_INST/O
                         net (fo=1, routed)           0.000     0.446    clk_IBUF_inst/OUT
    BJ26                 IBUFCTRL (Prop_IBUFCTRL_HPIOB_M_I_O)
                                                      0.000     0.446 r  clk_IBUF_inst/IBUFCTRL_INST/O
                         net (fo=1, routed)           0.181     0.627    clk_IBUF
    BUFGCE_X0Y72         BUFGCE (Prop_BUFCE_BUFGCE_I_O)
                                                      0.019     0.646 r  clk_IBUF_BUFG_inst/O
    X4Y3 (CLOCK_ROOT)    net (fo=617, routed)         0.475     1.121    clk_IBUF_BUFG
    SLICE_X117Y209       FDRE                                         r  hold_ctr_reg[5]/C
                         clock pessimism             -0.236     0.885    
    SLICE_X117Y209       FDRE (Hold_HFF_SLICEL_C_D)
                                                      0.046     0.931    hold_ctr_reg[5]
  -------------------------------------------------------------------
                         required time                         -0.931    
                         arrival time                           0.975    
  -------------------------------------------------------------------
                         slack                                  0.045    

Slack (MET) :             0.048ns  (arrival time - required time)
  Source:                 dut/ad_block_idx_reg[4]/C
                            (rising edge-triggered cell FDRE clocked by clk  {rise@0.000ns fall@5.000ns period=10.000ns})
  Destination:            dut/ad_block_idx_reg[4]/D
                            (rising edge-triggered cell FDRE clocked by clk  {rise@0.000ns fall@5.000ns period=10.000ns})
  Path Group:             clk
  Path Type:              Hold (Min at Fast Process Corner)
  Requirement:            0.000ns  (clk rise@0.000ns - clk rise@0.000ns)
  Data Path Delay:        0.100ns  (logic 0.053ns (53.119%)  route 0.047ns (46.881%))
  Logic Levels:           1  (LUT6=1)
  Clock Path Skew:        0.006ns (DCD - SCD - CPR)
    Destination Clock Delay (DCD):    1.130ns
    Source Clock Delay      (SCD):    0.845ns
    Clock Pessimism Removal (CPR):    0.279ns
  Clock Net Delay (Source):      0.425ns (routing 0.000ns, distribution 0.425ns)
  Clock Net Delay (Destination): 0.484ns (routing 0.001ns, distribution 0.483ns)

    Location             Delay type                Incr(ns)  Path(ns)    Netlist Resource(s)
  -------------------------------------------------------------------    -------------------
                         (clock clk rise edge)        0.000     0.000 r  
    BJ26                                              0.000     0.000 r  clk (IN)
                         net (fo=0)                   0.000     0.000    clk_IBUF_inst/I
    BJ26                 INBUF (Prop_INBUF_HPIOB_M_PAD_O)
                                                      0.260     0.260 r  clk_IBUF_inst/INBUF_INST/O
                         net (fo=1, routed)           0.000     0.260    clk_IBUF_inst/OUT
    BJ26                 IBUFCTRL (Prop_IBUFCTRL_HPIOB_M_I_O)
                                                      0.000     0.260 r  clk_IBUF_inst/IBUFCTRL_INST/O
                         net (fo=1, routed)           0.144     0.404    clk_IBUF
    BUFGCE_X0Y72         BUFGCE (Prop_BUFCE_BUFGCE_I_O)
                                                      0.017     0.421 r  clk_IBUF_BUFG_inst/O
    X4Y3 (CLOCK_ROOT)    net (fo=617, routed)         0.425     0.845    dut/clk_IBUF_BUFG
    SLICE_X117Y180       FDRE                                         r  dut/ad_block_idx_reg[4]/C
  -------------------------------------------------------------------    -------------------
    SLICE_X117Y180       FDRE (Prop_CFF_SLICEL_C_Q)
                                                      0.039     0.884 r  dut/ad_block_idx_reg[4]/Q
                         net (fo=6, routed)           0.030     0.914    dut/ad_block_idx_reg_n_0_[4]
    SLICE_X117Y180       LUT6 (Prop_C6LUT_SLICEL_I5_O)
                                                      0.014     0.928 r  dut/ad_block_idx[4]_i_1/O
                         net (fo=1, routed)           0.017     0.945    dut/A[4]
    SLICE_X117Y180       FDRE                                         r  dut/ad_block_idx_reg[4]/D
  -------------------------------------------------------------------    -------------------

                         (clock clk rise edge)        0.000     0.000 r  
    BJ26                                              0.000     0.000 r  clk (IN)
                         net (fo=0)                   0.000     0.000    clk_IBUF_inst/I
    BJ26                 INBUF (Prop_INBUF_HPIOB_M_PAD_O)
                                                      0.446     0.446 r  clk_IBUF_inst/INBUF_INST/O
                         net (fo=1, routed)           0.000     0.446    clk_IBUF_inst/OUT
    BJ26                 IBUFCTRL (Prop_IBUFCTRL_HPIOB_M_I_O)
                                                      0.000     0.446 r  clk_IBUF_inst/IBUFCTRL_INST/O
                         net (fo=1, routed)           0.181     0.627    clk_IBUF
    BUFGCE_X0Y72         BUFGCE (Prop_BUFCE_BUFGCE_I_O)
                                                      0.019     0.646 r  clk_IBUF_BUFG_inst/O
    X4Y3 (CLOCK_ROOT)    net (fo=617, routed)         0.484     1.130    dut/clk_IBUF_BUFG
    SLICE_X117Y180       FDRE                                         r  dut/ad_block_idx_reg[4]/C
                         clock pessimism             -0.279     0.851    
    SLICE_X117Y180       FDRE (Hold_CFF_SLICEL_C_D)
                                                      0.046     0.897    dut/ad_block_idx_reg[4]
  -------------------------------------------------------------------
                         required time                         -0.897    
                         arrival time                           0.945    
  -------------------------------------------------------------------
                         slack                                  0.048    

Slack (MET) :             0.048ns  (arrival time - required time)
  Source:                 dut/x2_reg[0]/C
                            (rising edge-triggered cell FDRE clocked by clk  {rise@0.000ns fall@5.000ns period=10.000ns})
  Destination:            dut/x2_reg[0]/D
                            (rising edge-triggered cell FDRE clocked by clk  {rise@0.000ns fall@5.000ns period=10.000ns})
  Path Group:             clk
  Path Type:              Hold (Min at Fast Process Corner)
  Requirement:            0.000ns  (clk rise@0.000ns - clk rise@0.000ns)
  Data Path Delay:        0.100ns  (logic 0.052ns (52.079%)  route 0.048ns (47.921%))
  Logic Levels:           1  (LUT6=1)
  Clock Path Skew:        0.006ns (DCD - SCD - CPR)
    Destination Clock Delay (DCD):    1.151ns
    Source Clock Delay      (SCD):    0.865ns
    Clock Pessimism Removal (CPR):    0.280ns
  Clock Net Delay (Source):      0.444ns (routing 0.000ns, distribution 0.444ns)
  Clock Net Delay (Destination): 0.505ns (routing 0.001ns, distribution 0.504ns)

    Location             Delay type                Incr(ns)  Path(ns)    Netlist Resource(s)
  -------------------------------------------------------------------    -------------------
                         (clock clk rise edge)        0.000     0.000 r  
    BJ26                                              0.000     0.000 r  clk (IN)
                         net (fo=0)                   0.000     0.000    clk_IBUF_inst/I
    BJ26                 INBUF (Prop_INBUF_HPIOB_M_PAD_O)
                                                      0.260     0.260 r  clk_IBUF_inst/INBUF_INST/O
                         net (fo=1, routed)           0.000     0.260    clk_IBUF_inst/OUT
    BJ26                 IBUFCTRL (Prop_IBUFCTRL_HPIOB_M_I_O)
                                                      0.000     0.260 r  clk_IBUF_inst/IBUFCTRL_INST/O
                         net (fo=1, routed)           0.144     0.404    clk_IBUF
    BUFGCE_X0Y72         BUFGCE (Prop_BUFCE_BUFGCE_I_O)
                                                      0.017     0.421 r  clk_IBUF_BUFG_inst/O
    X4Y3 (CLOCK_ROOT)    net (fo=617, routed)         0.444     0.865    dut/clk_IBUF_BUFG
    SLICE_X122Y194       FDRE                                         r  dut/x2_reg[0]/C
  -------------------------------------------------------------------    -------------------
    SLICE_X122Y194       FDRE (Prop_BFF_SLICEM_C_Q)
                                                      0.038     0.903 r  dut/x2_reg[0]/Q
                         net (fo=5, routed)           0.027     0.930    dut/x2_reg_n_0_[0]
    SLICE_X122Y194       LUT6 (Prop_B6LUT_SLICEM_I1_O)
                                                      0.014     0.944 r  dut/x2[0]_i_1/O
                         net (fo=1, routed)           0.021     0.965    dut/x2[0]
    SLICE_X122Y194       FDRE                                         r  dut/x2_reg[0]/D
  -------------------------------------------------------------------    -------------------

                         (clock clk rise edge)        0.000     0.000 r  
    BJ26                                              0.000     0.000 r  clk (IN)
                         net (fo=0)                   0.000     0.000    clk_IBUF_inst/I
    BJ26                 INBUF (Prop_INBUF_HPIOB_M_PAD_O)
                                                      0.446     0.446 r  clk_IBUF_inst/INBUF_INST/O
                         net (fo=1, routed)           0.000     0.446    clk_IBUF_inst/OUT
    BJ26                 IBUFCTRL (Prop_IBUFCTRL_HPIOB_M_I_O)
                                                      0.000     0.446 r  clk_IBUF_inst/IBUFCTRL_INST/O
                         net (fo=1, routed)           0.181     0.627    clk_IBUF
    BUFGCE_X0Y72         BUFGCE (Prop_BUFCE_BUFGCE_I_O)
                                                      0.019     0.646 r  clk_IBUF_BUFG_inst/O
    X4Y3 (CLOCK_ROOT)    net (fo=617, routed)         0.505     1.151    dut/clk_IBUF_BUFG
    SLICE_X122Y194       FDRE                                         r  dut/x2_reg[0]/C
                         clock pessimism             -0.280     0.871    
    SLICE_X122Y194       FDRE (Hold_BFF_SLICEM_C_D)
                                                      0.046     0.917    dut/x2_reg[0]
  -------------------------------------------------------------------
                         required time                         -0.917    
                         arrival time                           0.965    
  -------------------------------------------------------------------
                         slack                                  0.048    

Slack (MET) :             0.048ns  (arrival time - required time)
  Source:                 dut/x2_reg[29]/C
                            (rising edge-triggered cell FDRE clocked by clk  {rise@0.000ns fall@5.000ns period=10.000ns})
  Destination:            dut/x2_reg[29]/D
                            (rising edge-triggered cell FDRE clocked by clk  {rise@0.000ns fall@5.000ns period=10.000ns})
  Path Group:             clk
  Path Type:              Hold (Min at Fast Process Corner)
  Requirement:            0.000ns  (clk rise@0.000ns - clk rise@0.000ns)
  Data Path Delay:        0.100ns  (logic 0.052ns (52.079%)  route 0.048ns (47.921%))
  Logic Levels:           1  (LUT6=1)
  Clock Path Skew:        0.006ns (DCD - SCD - CPR)
    Destination Clock Delay (DCD):    1.154ns
    Source Clock Delay      (SCD):    0.867ns
    Clock Pessimism Removal (CPR):    0.281ns
  Clock Net Delay (Source):      0.446ns (routing 0.000ns, distribution 0.446ns)
  Clock Net Delay (Destination): 0.508ns (routing 0.001ns, distribution 0.507ns)

    Location             Delay type                Incr(ns)  Path(ns)    Netlist Resource(s)
  -------------------------------------------------------------------    -------------------
                         (clock clk rise edge)        0.000     0.000 r  
    BJ26                                              0.000     0.000 r  clk (IN)
                         net (fo=0)                   0.000     0.000    clk_IBUF_inst/I
    BJ26                 INBUF (Prop_INBUF_HPIOB_M_PAD_O)
                                                      0.260     0.260 r  clk_IBUF_inst/INBUF_INST/O
                         net (fo=1, routed)           0.000     0.260    clk_IBUF_inst/OUT
    BJ26                 IBUFCTRL (Prop_IBUFCTRL_HPIOB_M_I_O)
                                                      0.000     0.260 r  clk_IBUF_inst/IBUFCTRL_INST/O
                         net (fo=1, routed)           0.144     0.404    clk_IBUF
    BUFGCE_X0Y72         BUFGCE (Prop_BUFCE_BUFGCE_I_O)
                                                      0.017     0.421 r  clk_IBUF_BUFG_inst/O
    X4Y3 (CLOCK_ROOT)    net (fo=617, routed)         0.446     0.867    dut/clk_IBUF_BUFG
    SLICE_X122Y182       FDRE                                         r  dut/x2_reg[29]/C
  -------------------------------------------------------------------    -------------------
    SLICE_X122Y182       FDRE (Prop_BFF_SLICEM_C_Q)
                                                      0.038     0.905 r  dut/x2_reg[29]/Q
                         net (fo=5, routed)           0.027     0.932    dut/x2_reg_n_0_[29]
    SLICE_X122Y182       LUT6 (Prop_B6LUT_SLICEM_I1_O)
                                                      0.014     0.946 r  dut/x2[29]_i_1/O
                         net (fo=1, routed)           0.021     0.967    dut/x2[29]
    SLICE_X122Y182       FDRE                                         r  dut/x2_reg[29]/D
  -------------------------------------------------------------------    -------------------

                         (clock clk rise edge)        0.000     0.000 r  
    BJ26                                              0.000     0.000 r  clk (IN)
                         net (fo=0)                   0.000     0.000    clk_IBUF_inst/I
    BJ26                 INBUF (Prop_INBUF_HPIOB_M_PAD_O)
                                                      0.446     0.446 r  clk_IBUF_inst/INBUF_INST/O
                         net (fo=1, routed)           0.000     0.446    clk_IBUF_inst/OUT
    BJ26                 IBUFCTRL (Prop_IBUFCTRL_HPIOB_M_I_O)
                                                      0.000     0.446 r  clk_IBUF_inst/IBUFCTRL_INST/O
                         net (fo=1, routed)           0.181     0.627    clk_IBUF
    BUFGCE_X0Y72         BUFGCE (Prop_BUFCE_BUFGCE_I_O)
                                                      0.019     0.646 r  clk_IBUF_BUFG_inst/O
    X4Y3 (CLOCK_ROOT)    net (fo=617, routed)         0.508     1.154    dut/clk_IBUF_BUFG
    SLICE_X122Y182       FDRE                                         r  dut/x2_reg[29]/C
                         clock pessimism             -0.281     0.873    
    SLICE_X122Y182       FDRE (Hold_BFF_SLICEM_C_D)
                                                      0.046     0.919    dut/x2_reg[29]
  -------------------------------------------------------------------
                         required time                         -0.919    
                         arrival time                           0.967    
  -------------------------------------------------------------------
                         slack                                  0.048    

Slack (MET) :             0.049ns  (arrival time - required time)
  Source:                 dut/x0_reg[8]/C
                            (rising edge-triggered cell FDRE clocked by clk  {rise@0.000ns fall@5.000ns period=10.000ns})
  Destination:            dut/x0_reg[8]/D
                            (rising edge-triggered cell FDRE clocked by clk  {rise@0.000ns fall@5.000ns period=10.000ns})
  Path Group:             clk
  Path Type:              Hold (Min at Fast Process Corner)
  Requirement:            0.000ns  (clk rise@0.000ns - clk rise@0.000ns)
  Data Path Delay:        0.101ns  (logic 0.054ns (53.223%)  route 0.047ns (46.777%))
  Logic Levels:           1  (LUT6=1)
  Clock Path Skew:        0.006ns (DCD - SCD - CPR)
    Destination Clock Delay (DCD):    1.137ns
    Source Clock Delay      (SCD):    0.852ns
    Clock Pessimism Removal (CPR):    0.279ns
  Clock Net Delay (Source):      0.432ns (routing 0.000ns, distribution 0.432ns)
  Clock Net Delay (Destination): 0.492ns (routing 0.001ns, distribution 0.491ns)

    Location             Delay type                Incr(ns)  Path(ns)    Netlist Resource(s)
  -------------------------------------------------------------------    -------------------
                         (clock clk rise edge)        0.000     0.000 r  
    BJ26                                              0.000     0.000 r  clk (IN)
                         net (fo=0)                   0.000     0.000    clk_IBUF_inst/I
    BJ26                 INBUF (Prop_INBUF_HPIOB_M_PAD_O)
                                                      0.260     0.260 r  clk_IBUF_inst/INBUF_INST/O
                         net (fo=1, routed)           0.000     0.260    clk_IBUF_inst/OUT
    BJ26                 IBUFCTRL (Prop_IBUFCTRL_HPIOB_M_I_O)
                                                      0.000     0.260 r  clk_IBUF_inst/IBUFCTRL_INST/O
                         net (fo=1, routed)           0.144     0.404    clk_IBUF
    BUFGCE_X0Y72         BUFGCE (Prop_BUFCE_BUFGCE_I_O)
                                                      0.017     0.421 r  clk_IBUF_BUFG_inst/O
    X4Y3 (CLOCK_ROOT)    net (fo=617, routed)         0.432     0.852    dut/clk_IBUF_BUFG
    SLICE_X119Y193       FDRE                                         r  dut/x0_reg[8]/C
  -------------------------------------------------------------------    -------------------
    SLICE_X119Y193       FDRE (Prop_BFF_SLICEL_C_Q)
                                                      0.039     0.891 r  dut/x0_reg[8]/Q
                         net (fo=7, routed)           0.032     0.924    dut/rate_w[8]
    SLICE_X119Y193       LUT6 (Prop_B6LUT_SLICEL_I3_O)
                                                      0.015     0.939 r  dut/x0[8]_i_1/O
                         net (fo=1, routed)           0.015     0.954    dut/x0[8]
    SLICE_X119Y193       FDRE                                         r  dut/x0_reg[8]/D
  -------------------------------------------------------------------    -------------------

                         (clock clk rise edge)        0.000     0.000 r  
    BJ26                                              0.000     0.000 r  clk (IN)
                         net (fo=0)                   0.000     0.000    clk_IBUF_inst/I
    BJ26                 INBUF (Prop_INBUF_HPIOB_M_PAD_O)
                                                      0.446     0.446 r  clk_IBUF_inst/INBUF_INST/O
                         net (fo=1, routed)           0.000     0.446    clk_IBUF_inst/OUT
    BJ26                 IBUFCTRL (Prop_IBUFCTRL_HPIOB_M_I_O)
                                                      0.000     0.446 r  clk_IBUF_inst/IBUFCTRL_INST/O
                         net (fo=1, routed)           0.181     0.627    clk_IBUF
    BUFGCE_X0Y72         BUFGCE (Prop_BUFCE_BUFGCE_I_O)
                                                      0.019     0.646 r  clk_IBUF_BUFG_inst/O
    X4Y3 (CLOCK_ROOT)    net (fo=617, routed)         0.492     1.137    dut/clk_IBUF_BUFG
    SLICE_X119Y193       FDRE                                         r  dut/x0_reg[8]/C
                         clock pessimism             -0.279     0.858    
    SLICE_X119Y193       FDRE (Hold_BFF_SLICEL_C_D)
                                                      0.046     0.904    dut/x0_reg[8]
  -------------------------------------------------------------------
                         required time                         -0.904    
                         arrival time                           0.954    
  -------------------------------------------------------------------
                         slack                                  0.049    

Slack (MET) :             0.050ns  (arrival time - required time)
  Source:                 dut/x4_reg[5]/C
                            (rising edge-triggered cell FDRE clocked by clk  {rise@0.000ns fall@5.000ns period=10.000ns})
  Destination:            dut/x4_reg[5]/D
                            (rising edge-triggered cell FDRE clocked by clk  {rise@0.000ns fall@5.000ns period=10.000ns})
  Path Group:             clk
  Path Type:              Hold (Min at Fast Process Corner)
  Requirement:            0.000ns  (clk rise@0.000ns - clk rise@0.000ns)
  Data Path Delay:        0.102ns  (logic 0.052ns (51.139%)  route 0.050ns (48.861%))
  Logic Levels:           1  (LUT6=1)
  Clock Path Skew:        0.006ns (DCD - SCD - CPR)
    Destination Clock Delay (DCD):    1.158ns
    Source Clock Delay      (SCD):    0.870ns
    Clock Pessimism Removal (CPR):    0.282ns
  Clock Net Delay (Source):      0.450ns (routing 0.000ns, distribution 0.450ns)
  Clock Net Delay (Destination): 0.513ns (routing 0.001ns, distribution 0.512ns)

    Location             Delay type                Incr(ns)  Path(ns)    Netlist Resource(s)
  -------------------------------------------------------------------    -------------------
                         (clock clk rise edge)        0.000     0.000 r  
    BJ26                                              0.000     0.000 r  clk (IN)
                         net (fo=0)                   0.000     0.000    clk_IBUF_inst/I
    BJ26                 INBUF (Prop_INBUF_HPIOB_M_PAD_O)
                                                      0.260     0.260 r  clk_IBUF_inst/INBUF_INST/O
                         net (fo=1, routed)           0.000     0.260    clk_IBUF_inst/OUT
    BJ26                 IBUFCTRL (Prop_IBUFCTRL_HPIOB_M_I_O)
                                                      0.000     0.260 r  clk_IBUF_inst/IBUFCTRL_INST/O
                         net (fo=1, routed)           0.144     0.404    clk_IBUF
    BUFGCE_X0Y72         BUFGCE (Prop_BUFCE_BUFGCE_I_O)
                                                      0.017     0.421 r  clk_IBUF_BUFG_inst/O
    X4Y3 (CLOCK_ROOT)    net (fo=617, routed)         0.450     0.870    dut/clk_IBUF_BUFG
    SLICE_X122Y184       FDRE                                         r  dut/x4_reg[5]/C
  -------------------------------------------------------------------    -------------------
    SLICE_X122Y184       FDRE (Prop_BFF_SLICEM_C_Q)
                                                      0.038     0.908 r  dut/x4_reg[5]/Q
                         net (fo=7, routed)           0.029     0.937    dut/x4_reg_n_0_[5]
    SLICE_X122Y184       LUT6 (Prop_B6LUT_SLICEM_I5_O)
                                                      0.014     0.951 r  dut/x4[5]_i_1/O
                         net (fo=1, routed)           0.021     0.972    dut/x4[5]
    SLICE_X122Y184       FDRE                                         r  dut/x4_reg[5]/D
  -------------------------------------------------------------------    -------------------

                         (clock clk rise edge)        0.000     0.000 r  
    BJ26                                              0.000     0.000 r  clk (IN)
                         net (fo=0)                   0.000     0.000    clk_IBUF_inst/I
    BJ26                 INBUF (Prop_INBUF_HPIOB_M_PAD_O)
                                                      0.446     0.446 r  clk_IBUF_inst/INBUF_INST/O
                         net (fo=1, routed)           0.000     0.446    clk_IBUF_inst/OUT
    BJ26                 IBUFCTRL (Prop_IBUFCTRL_HPIOB_M_I_O)
                                                      0.000     0.446 r  clk_IBUF_inst/IBUFCTRL_INST/O
                         net (fo=1, routed)           0.181     0.627    clk_IBUF
    BUFGCE_X0Y72         BUFGCE (Prop_BUFCE_BUFGCE_I_O)
                                                      0.019     0.646 r  clk_IBUF_BUFG_inst/O
    X4Y3 (CLOCK_ROOT)    net (fo=617, routed)         0.513     1.158    dut/clk_IBUF_BUFG
    SLICE_X122Y184       FDRE                                         r  dut/x4_reg[5]/C
                         clock pessimism             -0.282     0.876    
    SLICE_X122Y184       FDRE (Hold_BFF_SLICEM_C_D)
                                                      0.046     0.922    dut/x4_reg[5]
  -------------------------------------------------------------------
                         required time                         -0.922    
                         arrival time                           0.972    
  -------------------------------------------------------------------
                         slack                                  0.050    

Slack (MET) :             0.050ns  (arrival time - required time)
  Source:                 dut/x0_reg[41]/C
                            (rising edge-triggered cell FDRE clocked by clk  {rise@0.000ns fall@5.000ns period=10.000ns})
  Destination:            dut/x0_reg[41]/D
                            (rising edge-triggered cell FDRE clocked by clk  {rise@0.000ns fall@5.000ns period=10.000ns})
  Path Group:             clk
  Path Type:              Hold (Min at Fast Process Corner)
  Requirement:            0.000ns  (clk rise@0.000ns - clk rise@0.000ns)
  Data Path Delay:        0.102ns  (logic 0.052ns (51.139%)  route 0.050ns (48.861%))
  Logic Levels:           1  (LUT6=1)
  Clock Path Skew:        0.006ns (DCD - SCD - CPR)
    Destination Clock Delay (DCD):    1.147ns
    Source Clock Delay      (SCD):    0.859ns
    Clock Pessimism Removal (CPR):    0.282ns
  Clock Net Delay (Source):      0.439ns (routing 0.000ns, distribution 0.439ns)
  Clock Net Delay (Destination): 0.502ns (routing 0.001ns, distribution 0.501ns)

    Location             Delay type                Incr(ns)  Path(ns)    Netlist Resource(s)
  -------------------------------------------------------------------    -------------------
                         (clock clk rise edge)        0.000     0.000 r  
    BJ26                                              0.000     0.000 r  clk (IN)
                         net (fo=0)                   0.000     0.000    clk_IBUF_inst/I
    BJ26                 INBUF (Prop_INBUF_HPIOB_M_PAD_O)
                                                      0.260     0.260 r  clk_IBUF_inst/INBUF_INST/O
                         net (fo=1, routed)           0.000     0.260    clk_IBUF_inst/OUT
    BJ26                 IBUFCTRL (Prop_IBUFCTRL_HPIOB_M_I_O)
                                                      0.000     0.260 r  clk_IBUF_inst/IBUFCTRL_INST/O
                         net (fo=1, routed)           0.144     0.404    clk_IBUF
    BUFGCE_X0Y72         BUFGCE (Prop_BUFCE_BUFGCE_I_O)
                                                      0.017     0.421 r  clk_IBUF_BUFG_inst/O
    X4Y3 (CLOCK_ROOT)    net (fo=617, routed)         0.439     0.859    dut/clk_IBUF_BUFG
    SLICE_X118Y188       FDRE                                         r  dut/x0_reg[41]/C
  -------------------------------------------------------------------    -------------------
    SLICE_X118Y188       FDRE (Prop_BFF_SLICEM_C_Q)
                                                      0.038     0.897 r  dut/x0_reg[41]/Q
                         net (fo=6, routed)           0.029     0.926    dut/x0_reg_n_0_[41]
    SLICE_X118Y188       LUT6 (Prop_B6LUT_SLICEM_I1_O)
                                                      0.014     0.940 r  dut/x0[41]_i_1/O
                         net (fo=1, routed)           0.021     0.961    dut/x0[41]
    SLICE_X118Y188       FDRE                                         r  dut/x0_reg[41]/D
  -------------------------------------------------------------------    -------------------

                         (clock clk rise edge)        0.000     0.000 r  
    BJ26                                              0.000     0.000 r  clk (IN)
                         net (fo=0)                   0.000     0.000    clk_IBUF_inst/I
    BJ26                 INBUF (Prop_INBUF_HPIOB_M_PAD_O)
                                                      0.446     0.446 r  clk_IBUF_inst/INBUF_INST/O
                         net (fo=1, routed)           0.000     0.446    clk_IBUF_inst/OUT
    BJ26                 IBUFCTRL (Prop_IBUFCTRL_HPIOB_M_I_O)
                                                      0.000     0.446 r  clk_IBUF_inst/IBUFCTRL_INST/O
                         net (fo=1, routed)           0.181     0.627    clk_IBUF
    BUFGCE_X0Y72         BUFGCE (Prop_BUFCE_BUFGCE_I_O)
                                                      0.019     0.646 r  clk_IBUF_BUFG_inst/O
    X4Y3 (CLOCK_ROOT)    net (fo=617, routed)         0.502     1.147    dut/clk_IBUF_BUFG
    SLICE_X118Y188       FDRE                                         r  dut/x0_reg[41]/C
                         clock pessimism             -0.282     0.865    
    SLICE_X118Y188       FDRE (Hold_BFF_SLICEM_C_D)
                                                      0.046     0.911    dut/x0_reg[41]
  -------------------------------------------------------------------
                         required time                         -0.911    
                         arrival time                           0.961    
  -------------------------------------------------------------------
                         slack                                  0.050    

Slack (MET) :             0.050ns  (arrival time - required time)
  Source:                 dut/x0_reg[52]/C
                            (rising edge-triggered cell FDRE clocked by clk  {rise@0.000ns fall@5.000ns period=10.000ns})
  Destination:            dut/x0_reg[52]/D
                            (rising edge-triggered cell FDRE clocked by clk  {rise@0.000ns fall@5.000ns period=10.000ns})
  Path Group:             clk
  Path Type:              Hold (Min at Fast Process Corner)
  Requirement:            0.000ns  (clk rise@0.000ns - clk rise@0.000ns)
  Data Path Delay:        0.102ns  (logic 0.052ns (51.139%)  route 0.050ns (48.861%))
  Logic Levels:           1  (LUT6=1)
  Clock Path Skew:        0.006ns (DCD - SCD - CPR)
    Destination Clock Delay (DCD):    1.138ns
    Source Clock Delay      (SCD):    0.852ns
    Clock Pessimism Removal (CPR):    0.280ns
  Clock Net Delay (Source):      0.432ns (routing 0.000ns, distribution 0.432ns)
  Clock Net Delay (Destination): 0.492ns (routing 0.001ns, distribution 0.491ns)

    Location             Delay type                Incr(ns)  Path(ns)    Netlist Resource(s)
  -------------------------------------------------------------------    -------------------
                         (clock clk rise edge)        0.000     0.000 r  
    BJ26                                              0.000     0.000 r  clk (IN)
                         net (fo=0)                   0.000     0.000    clk_IBUF_inst/I
    BJ26                 INBUF (Prop_INBUF_HPIOB_M_PAD_O)
                                                      0.260     0.260 r  clk_IBUF_inst/INBUF_INST/O
                         net (fo=1, routed)           0.000     0.260    clk_IBUF_inst/OUT
    BJ26                 IBUFCTRL (Prop_IBUFCTRL_HPIOB_M_I_O)
                                                      0.000     0.260 r  clk_IBUF_inst/IBUFCTRL_INST/O
                         net (fo=1, routed)           0.144     0.404    clk_IBUF
    BUFGCE_X0Y72         BUFGCE (Prop_BUFCE_BUFGCE_I_O)
                                                      0.017     0.421 r  clk_IBUF_BUFG_inst/O
    X4Y3 (CLOCK_ROOT)    net (fo=617, routed)         0.432     0.852    dut/clk_IBUF_BUFG
    SLICE_X118Y191       FDRE                                         r  dut/x0_reg[52]/C
  -------------------------------------------------------------------    -------------------
    SLICE_X118Y191       FDRE (Prop_BFF_SLICEM_C_Q)
                                                      0.038     0.890 r  dut/x0_reg[52]/Q
                         net (fo=5, routed)           0.029     0.919    dut/rate_w[52]
    SLICE_X118Y191       LUT6 (Prop_B6LUT_SLICEM_I1_O)
                                                      0.014     0.933 r  dut/x0[52]_i_1/O
                         net (fo=1, routed)           0.021     0.954    dut/x0[52]
    SLICE_X118Y191       FDRE                                         r  dut/x0_reg[52]/D
  -------------------------------------------------------------------    -------------------

                         (clock clk rise edge)        0.000     0.000 r  
    BJ26                                              0.000     0.000 r  clk (IN)
                         net (fo=0)                   0.000     0.000    clk_IBUF_inst/I
    BJ26                 INBUF (Prop_INBUF_HPIOB_M_PAD_O)
                                                      0.446     0.446 r  clk_IBUF_inst/INBUF_INST/O
                         net (fo=1, routed)           0.000     0.446    clk_IBUF_inst/OUT
    BJ26                 IBUFCTRL (Prop_IBUFCTRL_HPIOB_M_I_O)
                                                      0.000     0.446 r  clk_IBUF_inst/IBUFCTRL_INST/O
                         net (fo=1, routed)           0.181     0.627    clk_IBUF
    BUFGCE_X0Y72         BUFGCE (Prop_BUFCE_BUFGCE_I_O)
                                                      0.019     0.646 r  clk_IBUF_BUFG_inst/O
    X4Y3 (CLOCK_ROOT)    net (fo=617, routed)         0.492     1.138    dut/clk_IBUF_BUFG
    SLICE_X118Y191       FDRE                                         r  dut/x0_reg[52]/C
                         clock pessimism             -0.280     0.858    
    SLICE_X118Y191       FDRE (Hold_BFF_SLICEM_C_D)
                                                      0.046     0.904    dut/x0_reg[52]
  -------------------------------------------------------------------
                         required time                         -0.904    
                         arrival time                           0.954    
  -------------------------------------------------------------------
                         slack                                  0.050    

Slack (MET) :             0.050ns  (arrival time - required time)
  Source:                 dut/ad_block_idx_reg[1]/C
                            (rising edge-triggered cell FDRE clocked by clk  {rise@0.000ns fall@5.000ns period=10.000ns})
  Destination:            dut/ad_block_idx_reg[3]/D
                            (rising edge-triggered cell FDRE clocked by clk  {rise@0.000ns fall@5.000ns period=10.000ns})
  Path Group:             clk
  Path Type:              Hold (Min at Fast Process Corner)
  Requirement:            0.000ns  (clk rise@0.000ns - clk rise@0.000ns)
  Data Path Delay:        0.161ns  (logic 0.090ns (55.774%)  route 0.071ns (44.226%))
  Logic Levels:           1  (LUT5=1)
  Clock Path Skew:        0.064ns (DCD - SCD - CPR)
    Destination Clock Delay (DCD):    1.148ns
    Source Clock Delay      (SCD):    0.848ns
    Clock Pessimism Removal (CPR):    0.236ns
  Clock Net Delay (Source):      0.428ns (routing 0.000ns, distribution 0.428ns)
  Clock Net Delay (Destination): 0.503ns (routing 0.001ns, distribution 0.502ns)

    Location             Delay type                Incr(ns)  Path(ns)    Netlist Resource(s)
  -------------------------------------------------------------------    -------------------
                         (clock clk rise edge)        0.000     0.000 r  
    BJ26                                              0.000     0.000 r  clk (IN)
                         net (fo=0)                   0.000     0.000    clk_IBUF_inst/I
    BJ26                 INBUF (Prop_INBUF_HPIOB_M_PAD_O)
                                                      0.260     0.260 r  clk_IBUF_inst/INBUF_INST/O
                         net (fo=1, routed)           0.000     0.260    clk_IBUF_inst/OUT
    BJ26                 IBUFCTRL (Prop_IBUFCTRL_HPIOB_M_I_O)
                                                      0.000     0.260 r  clk_IBUF_inst/IBUFCTRL_INST/O
                         net (fo=1, routed)           0.144     0.404    clk_IBUF
    BUFGCE_X0Y72         BUFGCE (Prop_BUFCE_BUFGCE_I_O)
                                                      0.017     0.421 r  clk_IBUF_BUFG_inst/O
    X4Y3 (CLOCK_ROOT)    net (fo=617, routed)         0.428     0.848    dut/clk_IBUF_BUFG
    SLICE_X117Y180       FDRE                                         r  dut/ad_block_idx_reg[1]/C
  -------------------------------------------------------------------    -------------------
    SLICE_X117Y180       FDRE (Prop_EFF_SLICEL_C_Q)
                                                      0.039     0.887 r  dut/ad_block_idx_reg[1]/Q
                         net (fo=7, routed)           0.062     0.950    dut/ad_block_idx_reg_n_0_[1]
    SLICE_X118Y180       LUT5 (Prop_D5LUT_SLICEM_I2_O)
                                                      0.051     1.001 r  dut/ad_block_idx[3]_i_1/O
                         net (fo=1, routed)           0.009     1.010    dut/A[3]
    SLICE_X118Y180       FDRE                                         r  dut/ad_block_idx_reg[3]/D
  -------------------------------------------------------------------    -------------------

                         (clock clk rise edge)        0.000     0.000 r  
    BJ26                                              0.000     0.000 r  clk (IN)
                         net (fo=0)                   0.000     0.000    clk_IBUF_inst/I
    BJ26                 INBUF (Prop_INBUF_HPIOB_M_PAD_O)
                                                      0.446     0.446 r  clk_IBUF_inst/INBUF_INST/O
                         net (fo=1, routed)           0.000     0.446    clk_IBUF_inst/OUT
    BJ26                 IBUFCTRL (Prop_IBUFCTRL_HPIOB_M_I_O)
                                                      0.000     0.446 r  clk_IBUF_inst/IBUFCTRL_INST/O
                         net (fo=1, routed)           0.181     0.627    clk_IBUF
    BUFGCE_X0Y72         BUFGCE (Prop_BUFCE_BUFGCE_I_O)
                                                      0.019     0.646 r  clk_IBUF_BUFG_inst/O
    X4Y3 (CLOCK_ROOT)    net (fo=617, routed)         0.503     1.148    dut/clk_IBUF_BUFG
    SLICE_X118Y180       FDRE                                         r  dut/ad_block_idx_reg[3]/C
                         clock pessimism             -0.236     0.912    
    SLICE_X118Y180       FDRE (Hold_DFF2_SLICEM_C_D)
                                                      0.047     0.959    dut/ad_block_idx_reg[3]
  -------------------------------------------------------------------
                         required time                         -0.959    
                         arrival time                           1.010    
  -------------------------------------------------------------------
                         slack                                  0.050    





Pulse Width Checks
--------------------------------------------------------------------------------------
Clock Name:         clk
Waveform(ns):       { 0.000 5.000 }
Period(ns):         10.000
Sources:            { clk }

Check Type        Corner  Lib Pin   Reference Pin  Required(ns)  Actual(ns)  Slack(ns)  Location        Pin
Min Period        n/a     BUFGCE/I  n/a            1.290         10.000      8.710      BUFGCE_X0Y72    clk_IBUF_BUFG_inst/I
Min Period        n/a     FDSE/C    n/a            0.550         10.000      9.450      SLICE_X117Y207  FSM_onehot_state_reg[0]/C
Min Period        n/a     FDRE/C    n/a            0.550         10.000      9.450      SLICE_X117Y207  FSM_onehot_state_reg[1]/C
Min Period        n/a     FDRE/C    n/a            0.550         10.000      9.450      SLICE_X117Y207  FSM_onehot_state_reg[2]/C
Min Period        n/a     FDRE/C    n/a            0.550         10.000      9.450      SLICE_X117Y207  FSM_onehot_state_reg[3]/C
Min Period        n/a     FDRE/C    n/a            0.550         10.000      9.450      SLICE_X117Y207  activity_reg_reg[0]/C
Min Period        n/a     FDRE/C    n/a            0.550         10.000      9.450      SLICE_X118Y195  activity_reg_reg[10]/C
Min Period        n/a     FDRE/C    n/a            0.550         10.000      9.450      SLICE_X117Y194  activity_reg_reg[11]/C
Min Period        n/a     FDRE/C    n/a            0.550         10.000      9.450      SLICE_X118Y196  activity_reg_reg[12]/C
Min Period        n/a     FDRE/C    n/a            0.550         10.000      9.450      SLICE_X117Y196  activity_reg_reg[13]/C
Low Pulse Width   Slow    FDSE/C    n/a            0.275         5.000       4.725      SLICE_X117Y207  FSM_onehot_state_reg[0]/C
Low Pulse Width   Fast    FDSE/C    n/a            0.275         5.000       4.725      SLICE_X117Y207  FSM_onehot_state_reg[0]/C
Low Pulse Width   Slow    FDRE/C    n/a            0.275         5.000       4.725      SLICE_X117Y207  FSM_onehot_state_reg[1]/C
Low Pulse Width   Fast    FDRE/C    n/a            0.275         5.000       4.725      SLICE_X117Y207  FSM_onehot_state_reg[1]/C
Low Pulse Width   Slow    FDRE/C    n/a            0.275         5.000       4.725      SLICE_X117Y207  FSM_onehot_state_reg[2]/C
Low Pulse Width   Fast    FDRE/C    n/a            0.275         5.000       4.725      SLICE_X117Y207  FSM_onehot_state_reg[2]/C
Low Pulse Width   Slow    FDRE/C    n/a            0.275         5.000       4.725      SLICE_X117Y207  FSM_onehot_state_reg[3]/C
Low Pulse Width   Fast    FDRE/C    n/a            0.275         5.000       4.725      SLICE_X117Y207  FSM_onehot_state_reg[3]/C
Low Pulse Width   Slow    FDRE/C    n/a            0.275         5.000       4.725      SLICE_X117Y207  activity_reg_reg[0]/C
Low Pulse Width   Fast    FDRE/C    n/a            0.275         5.000       4.725      SLICE_X117Y207  activity_reg_reg[0]/C
High Pulse Width  Slow    FDSE/C    n/a            0.275         5.000       4.725      SLICE_X117Y207  FSM_onehot_state_reg[0]/C
High Pulse Width  Fast    FDSE/C    n/a            0.275         5.000       4.725      SLICE_X117Y207  FSM_onehot_state_reg[0]/C
High Pulse Width  Slow    FDRE/C    n/a            0.275         5.000       4.725      SLICE_X117Y207  FSM_onehot_state_reg[1]/C
High Pulse Width  Fast    FDRE/C    n/a            0.275         5.000       4.725      SLICE_X117Y207  FSM_onehot_state_reg[1]/C
High Pulse Width  Slow    FDRE/C    n/a            0.275         5.000       4.725      SLICE_X117Y207  FSM_onehot_state_reg[2]/C
High Pulse Width  Fast    FDRE/C    n/a            0.275         5.000       4.725      SLICE_X117Y207  FSM_onehot_state_reg[2]/C
High Pulse Width  Slow    FDRE/C    n/a            0.275         5.000       4.725      SLICE_X117Y207  FSM_onehot_state_reg[3]/C
High Pulse Width  Fast    FDRE/C    n/a            0.275         5.000       4.725      SLICE_X117Y207  FSM_onehot_state_reg[3]/C
High Pulse Width  Slow    FDRE/C    n/a            0.275         5.000       4.725      SLICE_X117Y207  activity_reg_reg[0]/C
High Pulse Width  Fast    FDRE/C    n/a            0.275         5.000       4.725      SLICE_X117Y207  activity_reg_reg[0]/C



--------------------------------------------------------------------------------------
Path Group:  (none)
From Clock:  clk
  To Clock:  

Max Delay           161 Endpoints
Min Delay           161 Endpoints
--------------------------------------------------------------------------------------


Max Delay Paths
--------------------------------------------------------------------------------------
Slack:                    inf
  Source:                 dut/tag_out_reg[70]/C
                            (rising edge-triggered cell FDRE clocked by clk  {rise@0.000ns fall@5.000ns period=10.000ns})
  Destination:            tag_o[70]
                            (output port)
  Path Group:             (none)
  Path Type:              Max at Slow Process Corner
  Data Path Delay:        4.052ns  (logic 1.104ns (27.241%)  route 2.948ns (72.759%))
  Logic Levels:           1  (OBUF=1)
  Clock Uncertainty:      0.025ns  ((TSJ^2 + TIJ^2)^1/2 + DJ) / 2 + PE
    Total System Jitter     (TSJ):    0.050ns
    Total Input Jitter      (TIJ):    0.000ns
    Discrete Jitter          (DJ):    0.000ns
    Phase Error              (PE):    0.000ns
  Clock Net Delay (Source):      0.784ns (routing 0.001ns, distribution 0.783ns)

    Location             Delay type                Incr(ns)  Path(ns)    Netlist Resource(s)
  -------------------------------------------------------------------    -------------------
                         (clock clk rise edge)        0.000     0.000 r  
    BJ26                                              0.000     0.000 r  clk (IN)
                         net (fo=0)                   0.000     0.000    clk_IBUF_inst/I
    BJ26                 INBUF (Prop_INBUF_HPIOB_M_PAD_O)
                                                      0.626     0.626 r  clk_IBUF_inst/INBUF_INST/O
                         net (fo=1, routed)           0.000     0.626    clk_IBUF_inst/OUT
    BJ26                 IBUFCTRL (Prop_IBUFCTRL_HPIOB_M_I_O)
                                                      0.000     0.626 r  clk_IBUF_inst/IBUFCTRL_INST/O
                         net (fo=1, routed)           0.323     0.949    clk_IBUF
    BUFGCE_X0Y72         BUFGCE (Prop_BUFCE_BUFGCE_I_O)
                                                      0.028     0.977 r  clk_IBUF_BUFG_inst/O
    X4Y3 (CLOCK_ROOT)    net (fo=617, routed)         0.784     1.761    dut/clk_IBUF_BUFG
    SLICE_X125Y190       FDRE                                         r  dut/tag_out_reg[70]/C
  -------------------------------------------------------------------    -------------------
    SLICE_X125Y190       FDRE (Prop_GFF2_SLICEL_C_Q)
                                                      0.081     1.842 r  dut/tag_out_reg[70]/Q
                         net (fo=1, routed)           2.948     4.790    tag_o_OBUF[70]
    BJ41                 OBUF (Prop_OUTBUF_HPIOB_M_I_O)
                                                      1.023     5.813 r  tag_o_OBUF[70]_inst/O
                         net (fo=0)                   0.000     5.813    tag_o[70]
    BJ41                                                              r  tag_o[70] (OUT)
  -------------------------------------------------------------------    -------------------

Slack:                    inf
  Source:                 dut/tag_out_reg[82]/C
                            (rising edge-triggered cell FDRE clocked by clk  {rise@0.000ns fall@5.000ns period=10.000ns})
  Destination:            tag_o[82]
                            (output port)
  Path Group:             (none)
  Path Type:              Max at Slow Process Corner
  Data Path Delay:        4.036ns  (logic 1.113ns (27.581%)  route 2.923ns (72.419%))
  Logic Levels:           1  (OBUF=1)
  Clock Uncertainty:      0.025ns  ((TSJ^2 + TIJ^2)^1/2 + DJ) / 2 + PE
    Total System Jitter     (TSJ):    0.050ns
    Total Input Jitter      (TIJ):    0.000ns
    Discrete Jitter          (DJ):    0.000ns
    Phase Error              (PE):    0.000ns
  Clock Net Delay (Source):      0.783ns (routing 0.001ns, distribution 0.782ns)

    Location             Delay type                Incr(ns)  Path(ns)    Netlist Resource(s)
  -------------------------------------------------------------------    -------------------
                         (clock clk rise edge)        0.000     0.000 r  
    BJ26                                              0.000     0.000 r  clk (IN)
                         net (fo=0)                   0.000     0.000    clk_IBUF_inst/I
    BJ26                 INBUF (Prop_INBUF_HPIOB_M_PAD_O)
                                                      0.626     0.626 r  clk_IBUF_inst/INBUF_INST/O
                         net (fo=1, routed)           0.000     0.626    clk_IBUF_inst/OUT
    BJ26                 IBUFCTRL (Prop_IBUFCTRL_HPIOB_M_I_O)
                                                      0.000     0.626 r  clk_IBUF_inst/IBUFCTRL_INST/O
                         net (fo=1, routed)           0.323     0.949    clk_IBUF
    BUFGCE_X0Y72         BUFGCE (Prop_BUFCE_BUFGCE_I_O)
                                                      0.028     0.977 r  clk_IBUF_BUFG_inst/O
    X4Y3 (CLOCK_ROOT)    net (fo=617, routed)         0.783     1.759    dut/clk_IBUF_BUFG
    SLICE_X118Y183       FDRE                                         r  dut/tag_out_reg[82]/C
  -------------------------------------------------------------------    -------------------
    SLICE_X118Y183       FDRE (Prop_AFF_SLICEM_C_Q)
                                                      0.077     1.836 r  dut/tag_out_reg[82]/Q
                         net (fo=1, routed)           2.923     4.759    tag_o_OBUF[82]
    BL42                 OBUF (Prop_OUTBUF_HPIOB_M_I_O)
                                                      1.036     5.796 r  tag_o_OBUF[82]_inst/O
                         net (fo=0)                   0.000     5.796    tag_o[82]
    BL42                                                              r  tag_o[82] (OUT)
  -------------------------------------------------------------------    -------------------

Slack:                    inf
  Source:                 dut/tag_out_reg[106]/C
                            (rising edge-triggered cell FDRE clocked by clk  {rise@0.000ns fall@5.000ns period=10.000ns})
  Destination:            tag_o[106]
                            (output port)
  Path Group:             (none)
  Path Type:              Max at Slow Process Corner
  Data Path Delay:        3.958ns  (logic 1.061ns (26.805%)  route 2.897ns (73.195%))
  Logic Levels:           1  (OBUF=1)
  Clock Uncertainty:      0.025ns  ((TSJ^2 + TIJ^2)^1/2 + DJ) / 2 + PE
    Total System Jitter     (TSJ):    0.050ns
    Total Input Jitter      (TIJ):    0.000ns
    Discrete Jitter          (DJ):    0.000ns
    Phase Error              (PE):    0.000ns
  Clock Net Delay (Source):      0.782ns (routing 0.001ns, distribution 0.781ns)

    Location             Delay type                Incr(ns)  Path(ns)    Netlist Resource(s)
  -------------------------------------------------------------------    -------------------
                         (clock clk rise edge)        0.000     0.000 r  
    BJ26                                              0.000     0.000 r  clk (IN)
                         net (fo=0)                   0.000     0.000    clk_IBUF_inst/I
    BJ26                 INBUF (Prop_INBUF_HPIOB_M_PAD_O)
                                                      0.626     0.626 r  clk_IBUF_inst/INBUF_INST/O
                         net (fo=1, routed)           0.000     0.626    clk_IBUF_inst/OUT
    BJ26                 IBUFCTRL (Prop_IBUFCTRL_HPIOB_M_I_O)
                                                      0.000     0.626 r  clk_IBUF_inst/IBUFCTRL_INST/O
                         net (fo=1, routed)           0.323     0.949    clk_IBUF
    BUFGCE_X0Y72         BUFGCE (Prop_BUFCE_BUFGCE_I_O)
                                                      0.028     0.977 r  clk_IBUF_BUFG_inst/O
    X4Y3 (CLOCK_ROOT)    net (fo=617, routed)         0.782     1.759    dut/clk_IBUF_BUFG
    SLICE_X125Y184       FDRE                                         r  dut/tag_out_reg[106]/C
  -------------------------------------------------------------------    -------------------
    SLICE_X125Y184       FDRE (Prop_DFF2_SLICEL_C_Q)
                                                      0.081     1.840 r  dut/tag_out_reg[106]/Q
                         net (fo=1, routed)           2.897     4.737    tag_o_OBUF[106]
    BF32                 OBUF (Prop_OUTBUF_HPIOB_M_I_O)
                                                      0.980     5.717 r  tag_o_OBUF[106]_inst/O
                         net (fo=0)                   0.000     5.717    tag_o[106]
    BF32                                                              r  tag_o[106] (OUT)
  -------------------------------------------------------------------    -------------------

Slack:                    inf
  Source:                 dut/tag_out_reg[114]/C
                            (rising edge-triggered cell FDRE clocked by clk  {rise@0.000ns fall@5.000ns period=10.000ns})
  Destination:            tag_o[114]
                            (output port)
  Path Group:             (none)
  Path Type:              Max at Slow Process Corner
  Data Path Delay:        3.932ns  (logic 1.051ns (26.738%)  route 2.881ns (73.262%))
  Logic Levels:           1  (OBUF=1)
  Clock Uncertainty:      0.025ns  ((TSJ^2 + TIJ^2)^1/2 + DJ) / 2 + PE
    Total System Jitter     (TSJ):    0.050ns
    Total Input Jitter      (TIJ):    0.000ns
    Discrete Jitter          (DJ):    0.000ns
    Phase Error              (PE):    0.000ns
  Clock Net Delay (Source):      0.792ns (routing 0.001ns, distribution 0.791ns)

    Location             Delay type                Incr(ns)  Path(ns)    Netlist Resource(s)
  -------------------------------------------------------------------    -------------------
                         (clock clk rise edge)        0.000     0.000 r  
    BJ26                                              0.000     0.000 r  clk (IN)
                         net (fo=0)                   0.000     0.000    clk_IBUF_inst/I
    BJ26                 INBUF (Prop_INBUF_HPIOB_M_PAD_O)
                                                      0.626     0.626 r  clk_IBUF_inst/INBUF_INST/O
                         net (fo=1, routed)           0.000     0.626    clk_IBUF_inst/OUT
    BJ26                 IBUFCTRL (Prop_IBUFCTRL_HPIOB_M_I_O)
                                                      0.000     0.626 r  clk_IBUF_inst/IBUFCTRL_INST/O
                         net (fo=1, routed)           0.323     0.949    clk_IBUF
    BUFGCE_X0Y72         BUFGCE (Prop_BUFCE_BUFGCE_I_O)
                                                      0.028     0.977 r  clk_IBUF_BUFG_inst/O
    X4Y3 (CLOCK_ROOT)    net (fo=617, routed)         0.792     1.769    dut/clk_IBUF_BUFG
    SLICE_X126Y190       FDRE                                         r  dut/tag_out_reg[114]/C
  -------------------------------------------------------------------    -------------------
    SLICE_X126Y190       FDRE (Prop_HFF2_SLICEM_C_Q)
                                                      0.078     1.847 r  dut/tag_out_reg[114]/Q
                         net (fo=1, routed)           2.881     4.728    tag_o_OBUF[114]
    BG29                 OBUF (Prop_OUTBUF_HPIOB_M_I_O)
                                                      0.973     5.702 r  tag_o_OBUF[114]_inst/O
                         net (fo=0)                   0.000     5.702    tag_o[114]
    BG29                                                              r  tag_o[114] (OUT)
  -------------------------------------------------------------------    -------------------

Slack:                    inf
  Source:                 dut/tag_out_reg[103]/C
                            (rising edge-triggered cell FDRE clocked by clk  {rise@0.000ns fall@5.000ns period=10.000ns})
  Destination:            tag_o[103]
                            (output port)
  Path Group:             (none)
  Path Type:              Max at Slow Process Corner
  Data Path Delay:        3.945ns  (logic 1.118ns (28.340%)  route 2.827ns (71.660%))
  Logic Levels:           1  (OBUF=1)
  Clock Uncertainty:      0.025ns  ((TSJ^2 + TIJ^2)^1/2 + DJ) / 2 + PE
    Total System Jitter     (TSJ):    0.050ns
    Total Input Jitter      (TIJ):    0.000ns
    Discrete Jitter          (DJ):    0.000ns
    Phase Error              (PE):    0.000ns
  Clock Net Delay (Source):      0.774ns (routing 0.001ns, distribution 0.773ns)

    Location             Delay type                Incr(ns)  Path(ns)    Netlist Resource(s)
  -------------------------------------------------------------------    -------------------
                         (clock clk rise edge)        0.000     0.000 r  
    BJ26                                              0.000     0.000 r  clk (IN)
                         net (fo=0)                   0.000     0.000    clk_IBUF_inst/I
    BJ26                 INBUF (Prop_INBUF_HPIOB_M_PAD_O)
                                                      0.626     0.626 r  clk_IBUF_inst/INBUF_INST/O
                         net (fo=1, routed)           0.000     0.626    clk_IBUF_inst/OUT
    BJ26                 IBUFCTRL (Prop_IBUFCTRL_HPIOB_M_I_O)
                                                      0.000     0.626 r  clk_IBUF_inst/IBUFCTRL_INST/O
                         net (fo=1, routed)           0.323     0.949    clk_IBUF
    BUFGCE_X0Y72         BUFGCE (Prop_BUFCE_BUFGCE_I_O)
                                                      0.028     0.977 r  clk_IBUF_BUFG_inst/O
    X4Y3 (CLOCK_ROOT)    net (fo=617, routed)         0.774     1.751    dut/clk_IBUF_BUFG
    SLICE_X121Y181       FDRE                                         r  dut/tag_out_reg[103]/C
  -------------------------------------------------------------------    -------------------
    SLICE_X121Y181       FDRE (Prop_DFF2_SLICEM_C_Q)
                                                      0.080     1.831 r  dut/tag_out_reg[103]/Q
                         net (fo=1, routed)           2.827     4.658    tag_o_OBUF[103]
    BM43                 OBUF (Prop_OUTBUF_HPIOB_SNGL_I_O)
                                                      1.038     5.696 r  tag_o_OBUF[103]_inst/O
                         net (fo=0)                   0.000     5.696    tag_o[103]
    BM43                                                              r  tag_o[103] (OUT)
  -------------------------------------------------------------------    -------------------

Slack:                    inf
  Source:                 dut/tag_out_reg[104]/C
                            (rising edge-triggered cell FDRE clocked by clk  {rise@0.000ns fall@5.000ns period=10.000ns})
  Destination:            tag_o[104]
                            (output port)
  Path Group:             (none)
  Path Type:              Max at Slow Process Corner
  Data Path Delay:        3.750ns  (logic 1.059ns (28.248%)  route 2.691ns (71.752%))
  Logic Levels:           1  (OBUF=1)
  Clock Uncertainty:      0.025ns  ((TSJ^2 + TIJ^2)^1/2 + DJ) / 2 + PE
    Total System Jitter     (TSJ):    0.050ns
    Total Input Jitter      (TIJ):    0.000ns
    Discrete Jitter          (DJ):    0.000ns
    Phase Error              (PE):    0.000ns
  Clock Net Delay (Source):      0.782ns (routing 0.001ns, distribution 0.781ns)

    Location             Delay type                Incr(ns)  Path(ns)    Netlist Resource(s)
  -------------------------------------------------------------------    -------------------
                         (clock clk rise edge)        0.000     0.000 r  
    BJ26                                              0.000     0.000 r  clk (IN)
                         net (fo=0)                   0.000     0.000    clk_IBUF_inst/I
    BJ26                 INBUF (Prop_INBUF_HPIOB_M_PAD_O)
                                                      0.626     0.626 r  clk_IBUF_inst/INBUF_INST/O
                         net (fo=1, routed)           0.000     0.626    clk_IBUF_inst/OUT
    BJ26                 IBUFCTRL (Prop_IBUFCTRL_HPIOB_M_I_O)
                                                      0.000     0.626 r  clk_IBUF_inst/IBUFCTRL_INST/O
                         net (fo=1, routed)           0.323     0.949    clk_IBUF
    BUFGCE_X0Y72         BUFGCE (Prop_BUFCE_BUFGCE_I_O)
                                                      0.028     0.977 r  clk_IBUF_BUFG_inst/O
    X4Y3 (CLOCK_ROOT)    net (fo=617, routed)         0.782     1.759    dut/clk_IBUF_BUFG
    SLICE_X125Y184       FDRE                                         r  dut/tag_out_reg[104]/C
  -------------------------------------------------------------------    -------------------
    SLICE_X125Y184       FDRE (Prop_DFF_SLICEL_C_Q)
                                                      0.079     1.838 r  dut/tag_out_reg[104]/Q
                         net (fo=1, routed)           2.691     4.529    tag_o_OBUF[104]
    BH31                 OBUF (Prop_OUTBUF_HPIOB_M_I_O)
                                                      0.980     5.510 r  tag_o_OBUF[104]_inst/O
                         net (fo=0)                   0.000     5.510    tag_o[104]
    BH31                                                              r  tag_o[104] (OUT)
  -------------------------------------------------------------------    -------------------

Slack:                    inf
  Source:                 dut/tag_out_reg[107]/C
                            (rising edge-triggered cell FDRE clocked by clk  {rise@0.000ns fall@5.000ns period=10.000ns})
  Destination:            tag_o[107]
                            (output port)
  Path Group:             (none)
  Path Type:              Max at Slow Process Corner
  Data Path Delay:        3.747ns  (logic 1.061ns (28.310%)  route 2.686ns (71.690%))
  Logic Levels:           1  (OBUF=1)
  Clock Uncertainty:      0.025ns  ((TSJ^2 + TIJ^2)^1/2 + DJ) / 2 + PE
    Total System Jitter     (TSJ):    0.050ns
    Total Input Jitter      (TIJ):    0.000ns
    Discrete Jitter          (DJ):    0.000ns
    Phase Error              (PE):    0.000ns
  Clock Net Delay (Source):      0.781ns (routing 0.001ns, distribution 0.780ns)

    Location             Delay type                Incr(ns)  Path(ns)    Netlist Resource(s)
  -------------------------------------------------------------------    -------------------
                         (clock clk rise edge)        0.000     0.000 r  
    BJ26                                              0.000     0.000 r  clk (IN)
                         net (fo=0)                   0.000     0.000    clk_IBUF_inst/I
    BJ26                 INBUF (Prop_INBUF_HPIOB_M_PAD_O)
                                                      0.626     0.626 r  clk_IBUF_inst/INBUF_INST/O
                         net (fo=1, routed)           0.000     0.626    clk_IBUF_inst/OUT
    BJ26                 IBUFCTRL (Prop_IBUFCTRL_HPIOB_M_I_O)
                                                      0.000     0.626 r  clk_IBUF_inst/IBUFCTRL_INST/O
                         net (fo=1, routed)           0.323     0.949    clk_IBUF
    BUFGCE_X0Y72         BUFGCE (Prop_BUFCE_BUFGCE_I_O)
                                                      0.028     0.977 r  clk_IBUF_BUFG_inst/O
    X4Y3 (CLOCK_ROOT)    net (fo=617, routed)         0.781     1.758    dut/clk_IBUF_BUFG
    SLICE_X125Y185       FDRE                                         r  dut/tag_out_reg[107]/C
  -------------------------------------------------------------------    -------------------
    SLICE_X125Y185       FDRE (Prop_DFF_SLICEL_C_Q)
                                                      0.079     1.837 r  dut/tag_out_reg[107]/Q
                         net (fo=1, routed)           2.686     4.523    tag_o_OBUF[107]
    BF33                 OBUF (Prop_OUTBUF_HPIOB_S_I_O)
                                                      0.982     5.505 r  tag_o_OBUF[107]_inst/O
                         net (fo=0)                   0.000     5.505    tag_o[107]
    BF33                                                              r  tag_o[107] (OUT)
  -------------------------------------------------------------------    -------------------

Slack:                    inf
  Source:                 dut/tag_out_reg[67]/C
                            (rising edge-triggered cell FDRE clocked by clk  {rise@0.000ns fall@5.000ns period=10.000ns})
  Destination:            tag_o[67]
                            (output port)
  Path Group:             (none)
  Path Type:              Max at Slow Process Corner
  Data Path Delay:        3.723ns  (logic 1.098ns (29.488%)  route 2.625ns (70.512%))
  Logic Levels:           1  (OBUF=1)
  Clock Uncertainty:      0.025ns  ((TSJ^2 + TIJ^2)^1/2 + DJ) / 2 + PE
    Total System Jitter     (TSJ):    0.050ns
    Total Input Jitter      (TIJ):    0.000ns
    Discrete Jitter          (DJ):    0.000ns
    Phase Error              (PE):    0.000ns
  Clock Net Delay (Source):      0.804ns (routing 0.001ns, distribution 0.803ns)

    Location             Delay type                Incr(ns)  Path(ns)    Netlist Resource(s)
  -------------------------------------------------------------------    -------------------
                         (clock clk rise edge)        0.000     0.000 r  
    BJ26                                              0.000     0.000 r  clk (IN)
                         net (fo=0)                   0.000     0.000    clk_IBUF_inst/I
    BJ26                 INBUF (Prop_INBUF_HPIOB_M_PAD_O)
                                                      0.626     0.626 r  clk_IBUF_inst/INBUF_INST/O
                         net (fo=1, routed)           0.000     0.626    clk_IBUF_inst/OUT
    BJ26                 IBUFCTRL (Prop_IBUFCTRL_HPIOB_M_I_O)
                                                      0.000     0.626 r  clk_IBUF_inst/IBUFCTRL_INST/O
                         net (fo=1, routed)           0.323     0.949    clk_IBUF
    BUFGCE_X0Y72         BUFGCE (Prop_BUFCE_BUFGCE_I_O)
                                                      0.028     0.977 r  clk_IBUF_BUFG_inst/O
    X4Y3 (CLOCK_ROOT)    net (fo=617, routed)         0.804     1.781    dut/clk_IBUF_BUFG
    SLICE_X123Y188       FDRE                                         r  dut/tag_out_reg[67]/C
  -------------------------------------------------------------------    -------------------
    SLICE_X123Y188       FDRE (Prop_HFF_SLICEL_C_Q)
                                                      0.079     1.860 r  dut/tag_out_reg[67]/Q
                         net (fo=1, routed)           2.625     4.485    tag_o_OBUF[67]
    BG43                 OBUF (Prop_OUTBUF_HPIOB_S_I_O)
                                                      1.019     5.503 r  tag_o_OBUF[67]_inst/O
                         net (fo=0)                   0.000     5.503    tag_o[67]
    BG43                                                              r  tag_o[67] (OUT)
  -------------------------------------------------------------------    -------------------

Slack:                    inf
  Source:                 dut/tag_out_reg[112]/C
                            (rising edge-triggered cell FDRE clocked by clk  {rise@0.000ns fall@5.000ns period=10.000ns})
  Destination:            tag_o[112]
                            (output port)
  Path Group:             (none)
  Path Type:              Max at Slow Process Corner
  Data Path Delay:        3.658ns  (logic 1.040ns (28.430%)  route 2.618ns (71.570%))
  Logic Levels:           1  (OBUF=1)
  Clock Uncertainty:      0.025ns  ((TSJ^2 + TIJ^2)^1/2 + DJ) / 2 + PE
    Total System Jitter     (TSJ):    0.050ns
    Total Input Jitter      (TIJ):    0.000ns
    Discrete Jitter          (DJ):    0.000ns
    Phase Error              (PE):    0.000ns
  Clock Net Delay (Source):      0.783ns (routing 0.001ns, distribution 0.782ns)

    Location             Delay type                Incr(ns)  Path(ns)    Netlist Resource(s)
  -------------------------------------------------------------------    -------------------
                         (clock clk rise edge)        0.000     0.000 r  
    BJ26                                              0.000     0.000 r  clk (IN)
                         net (fo=0)                   0.000     0.000    clk_IBUF_inst/I
    BJ26                 INBUF (Prop_INBUF_HPIOB_M_PAD_O)
                                                      0.626     0.626 r  clk_IBUF_inst/INBUF_INST/O
                         net (fo=1, routed)           0.000     0.626    clk_IBUF_inst/OUT
    BJ26                 IBUFCTRL (Prop_IBUFCTRL_HPIOB_M_I_O)
                                                      0.000     0.626 r  clk_IBUF_inst/IBUFCTRL_INST/O
                         net (fo=1, routed)           0.323     0.949    clk_IBUF
    BUFGCE_X0Y72         BUFGCE (Prop_BUFCE_BUFGCE_I_O)
                                                      0.028     0.977 r  clk_IBUF_BUFG_inst/O
    X4Y3 (CLOCK_ROOT)    net (fo=617, routed)         0.783     1.760    dut/clk_IBUF_BUFG
    SLICE_X119Y180       FDRE                                         r  dut/tag_out_reg[112]/C
  -------------------------------------------------------------------    -------------------
    SLICE_X119Y180       FDRE (Prop_DFF2_SLICEL_C_Q)
                                                      0.081     1.841 r  dut/tag_out_reg[112]/Q
                         net (fo=1, routed)           2.618     4.459    tag_o_OBUF[112]
    BH29                 OBUF (Prop_OUTBUF_HPIOB_M_I_O)
                                                      0.959     5.418 r  tag_o_OBUF[112]_inst/O
                         net (fo=0)                   0.000     5.418    tag_o[112]
    BH29                                                              r  tag_o[112] (OUT)
  -------------------------------------------------------------------    -------------------

Slack:                    inf
  Source:                 dut/tag_out_reg[64]/C
                            (rising edge-triggered cell FDRE clocked by clk  {rise@0.000ns fall@5.000ns period=10.000ns})
  Destination:            tag_o[64]
                            (output port)
  Path Group:             (none)
  Path Type:              Max at Slow Process Corner
  Data Path Delay:        3.635ns  (logic 1.089ns (29.961%)  route 2.546ns (70.039%))
  Logic Levels:           1  (OBUF=1)
  Clock Uncertainty:      0.025ns  ((TSJ^2 + TIJ^2)^1/2 + DJ) / 2 + PE
    Total System Jitter     (TSJ):    0.050ns
    Total Input Jitter      (TIJ):    0.000ns
    Discrete Jitter          (DJ):    0.000ns
    Phase Error              (PE):    0.000ns
  Clock Net Delay (Source):      0.784ns (routing 0.001ns, distribution 0.783ns)

    Location             Delay type                Incr(ns)  Path(ns)    Netlist Resource(s)
  -------------------------------------------------------------------    -------------------
                         (clock clk rise edge)        0.000     0.000 r  
    BJ26                                              0.000     0.000 r  clk (IN)
                         net (fo=0)                   0.000     0.000    clk_IBUF_inst/I
    BJ26                 INBUF (Prop_INBUF_HPIOB_M_PAD_O)
                                                      0.626     0.626 r  clk_IBUF_inst/INBUF_INST/O
                         net (fo=1, routed)           0.000     0.626    clk_IBUF_inst/OUT
    BJ26                 IBUFCTRL (Prop_IBUFCTRL_HPIOB_M_I_O)
                                                      0.000     0.626 r  clk_IBUF_inst/IBUFCTRL_INST/O
                         net (fo=1, routed)           0.323     0.949    clk_IBUF
    BUFGCE_X0Y72         BUFGCE (Prop_BUFCE_BUFGCE_I_O)
                                                      0.028     0.977 r  clk_IBUF_BUFG_inst/O
    X4Y3 (CLOCK_ROOT)    net (fo=617, routed)         0.784     1.761    dut/clk_IBUF_BUFG
    SLICE_X125Y190       FDRE                                         r  dut/tag_out_reg[64]/C
  -------------------------------------------------------------------    -------------------
    SLICE_X125Y190       FDRE (Prop_HFF_SLICEL_C_Q)
                                                      0.079     1.840 r  dut/tag_out_reg[64]/Q
                         net (fo=1, routed)           2.546     4.386    tag_o_OBUF[64]
    BG44                 OBUF (Prop_OUTBUF_HPIOB_M_I_O)
                                                      1.010     5.396 r  tag_o_OBUF[64]_inst/O
                         net (fo=0)                   0.000     5.396    tag_o[64]
    BG44                                                              r  tag_o[64] (OUT)
  -------------------------------------------------------------------    -------------------





Min Delay Paths
--------------------------------------------------------------------------------------
Slack:                    inf
  Source:                 dut/done_reg/C
                            (rising edge-triggered cell FDRE clocked by clk  {rise@0.000ns fall@5.000ns period=10.000ns})
  Destination:            done_o
                            (output port)
  Path Group:             (none)
  Path Type:              Min at Fast Process Corner
  Data Path Delay:        1.009ns  (logic 0.549ns (54.449%)  route 0.460ns (45.551%))
  Logic Levels:           1  (OBUF=1)
  Clock Uncertainty:      0.025ns  ((TSJ^2 + TIJ^2)^1/2 + DJ) / 2 + PE
    Total System Jitter     (TSJ):    0.050ns
    Total Input Jitter      (TIJ):    0.000ns
    Discrete Jitter          (DJ):    0.000ns
    Phase Error              (PE):    0.000ns
  Clock Net Delay (Source):      0.422ns (routing 0.000ns, distribution 0.422ns)

    Location             Delay type                Incr(ns)  Path(ns)    Netlist Resource(s)
  -------------------------------------------------------------------    -------------------
                         (clock clk rise edge)        0.000     0.000 r  
    BJ26                                              0.000     0.000 r  clk (IN)
                         net (fo=0)                   0.000     0.000    clk_IBUF_inst/I
    BJ26                 INBUF (Prop_INBUF_HPIOB_M_PAD_O)
                                                      0.260     0.260 r  clk_IBUF_inst/INBUF_INST/O
                         net (fo=1, routed)           0.000     0.260    clk_IBUF_inst/OUT
    BJ26                 IBUFCTRL (Prop_IBUFCTRL_HPIOB_M_I_O)
                                                      0.000     0.260 r  clk_IBUF_inst/IBUFCTRL_INST/O
                         net (fo=1, routed)           0.144     0.404    clk_IBUF
    BUFGCE_X0Y72         BUFGCE (Prop_BUFCE_BUFGCE_I_O)
                                                      0.017     0.421 r  clk_IBUF_BUFG_inst/O
    X4Y3 (CLOCK_ROOT)    net (fo=617, routed)         0.422     0.842    dut/clk_IBUF_BUFG
    SLICE_X117Y196       FDRE                                         r  dut/done_reg/C
  -------------------------------------------------------------------    -------------------
    SLICE_X117Y196       FDRE (Prop_DFF_SLICEL_C_Q)
                                                      0.039     0.881 r  dut/done_reg/Q
                         net (fo=7, routed)           0.460     1.341    done_o_OBUF
    BL26                 OBUF (Prop_OUTBUF_HPIOB_S_I_O)
                                                      0.510     1.851 r  done_o_OBUF_inst/O
                         net (fo=0)                   0.000     1.851    done_o
    BL26                                                              r  done_o (OUT)
  -------------------------------------------------------------------    -------------------

Slack:                    inf
  Source:                 activity_reg_reg[22]/C
                            (rising edge-triggered cell FDRE clocked by clk  {rise@0.000ns fall@5.000ns period=10.000ns})
  Destination:            activity_o[22]
                            (output port)
  Path Group:             (none)
  Path Type:              Min at Fast Process Corner
  Data Path Delay:        1.055ns  (logic 0.543ns (51.418%)  route 0.513ns (48.582%))
  Logic Levels:           1  (OBUF=1)
  Clock Uncertainty:      0.025ns  ((TSJ^2 + TIJ^2)^1/2 + DJ) / 2 + PE
    Total System Jitter     (TSJ):    0.050ns
    Total Input Jitter      (TIJ):    0.000ns
    Discrete Jitter          (DJ):    0.000ns
    Phase Error              (PE):    0.000ns
  Clock Net Delay (Source):      0.422ns (routing 0.000ns, distribution 0.422ns)

    Location             Delay type                Incr(ns)  Path(ns)    Netlist Resource(s)
  -------------------------------------------------------------------    -------------------
                         (clock clk rise edge)        0.000     0.000 r  
    BJ26                                              0.000     0.000 r  clk (IN)
                         net (fo=0)                   0.000     0.000    clk_IBUF_inst/I
    BJ26                 INBUF (Prop_INBUF_HPIOB_M_PAD_O)
                                                      0.260     0.260 r  clk_IBUF_inst/INBUF_INST/O
                         net (fo=1, routed)           0.000     0.260    clk_IBUF_inst/OUT
    BJ26                 IBUFCTRL (Prop_IBUFCTRL_HPIOB_M_I_O)
                                                      0.000     0.260 r  clk_IBUF_inst/IBUFCTRL_INST/O
                         net (fo=1, routed)           0.144     0.404    clk_IBUF
    BUFGCE_X0Y72         BUFGCE (Prop_BUFCE_BUFGCE_I_O)
                                                      0.017     0.421 r  clk_IBUF_BUFG_inst/O
    X4Y3 (CLOCK_ROOT)    net (fo=617, routed)         0.422     0.842    clk_IBUF_BUFG
    SLICE_X117Y195       FDRE                                         r  activity_reg_reg[22]/C
  -------------------------------------------------------------------    -------------------
    SLICE_X117Y195       FDRE (Prop_CFF_SLICEL_C_Q)
                                                      0.039     0.881 r  activity_reg_reg[22]/Q
                         net (fo=2, routed)           0.513     1.394    activity_o_OBUF[22]
    BH26                 OBUF (Prop_OUTBUF_HPIOB_M_I_O)
                                                      0.504     1.898 r  activity_o_OBUF[22]_inst/O
                         net (fo=0)                   0.000     1.898    activity_o[22]
    BH26                                                              r  activity_o[22] (OUT)
  -------------------------------------------------------------------    -------------------

Slack:                    inf
  Source:                 activity_reg_reg[20]/C
                            (rising edge-triggered cell FDRE clocked by clk  {rise@0.000ns fall@5.000ns period=10.000ns})
  Destination:            activity_o[20]
                            (output port)
  Path Group:             (none)
  Path Type:              Min at Fast Process Corner
  Data Path Delay:        1.065ns  (logic 0.548ns (51.518%)  route 0.516ns (48.482%))
  Logic Levels:           1  (OBUF=1)
  Clock Uncertainty:      0.025ns  ((TSJ^2 + TIJ^2)^1/2 + DJ) / 2 + PE
    Total System Jitter     (TSJ):    0.050ns
    Total Input Jitter      (TIJ):    0.000ns
    Discrete Jitter          (DJ):    0.000ns
    Phase Error              (PE):    0.000ns
  Clock Net Delay (Source):      0.422ns (routing 0.000ns, distribution 0.422ns)

    Location             Delay type                Incr(ns)  Path(ns)    Netlist Resource(s)
  -------------------------------------------------------------------    -------------------
                         (clock clk rise edge)        0.000     0.000 r  
    BJ26                                              0.000     0.000 r  clk (IN)
                         net (fo=0)                   0.000     0.000    clk_IBUF_inst/I
    BJ26                 INBUF (Prop_INBUF_HPIOB_M_PAD_O)
                                                      0.260     0.260 r  clk_IBUF_inst/INBUF_INST/O
                         net (fo=1, routed)           0.000     0.260    clk_IBUF_inst/OUT
    BJ26                 IBUFCTRL (Prop_IBUFCTRL_HPIOB_M_I_O)
                                                      0.000     0.260 r  clk_IBUF_inst/IBUFCTRL_INST/O
                         net (fo=1, routed)           0.144     0.404    clk_IBUF
    BUFGCE_X0Y72         BUFGCE (Prop_BUFCE_BUFGCE_I_O)
                                                      0.017     0.421 r  clk_IBUF_BUFG_inst/O
    X4Y3 (CLOCK_ROOT)    net (fo=617, routed)         0.422     0.842    clk_IBUF_BUFG
    SLICE_X117Y196       FDRE                                         r  activity_reg_reg[20]/C
  -------------------------------------------------------------------    -------------------
    SLICE_X117Y196       FDRE (Prop_AFF_SLICEL_C_Q)
                                                      0.039     0.881 r  activity_reg_reg[20]/Q
                         net (fo=2, routed)           0.516     1.397    activity_o_OBUF[20]
    BJ24                 OBUF (Prop_OUTBUF_HPIOB_M_I_O)
                                                      0.509     1.907 r  activity_o_OBUF[20]_inst/O
                         net (fo=0)                   0.000     1.907    activity_o[20]
    BJ24                                                              r  activity_o[20] (OUT)
  -------------------------------------------------------------------    -------------------

Slack:                    inf
  Source:                 activity_reg_reg[23]/C
                            (rising edge-triggered cell FDRE clocked by clk  {rise@0.000ns fall@5.000ns period=10.000ns})
  Destination:            activity_o[23]
                            (output port)
  Path Group:             (none)
  Path Type:              Min at Fast Process Corner
  Data Path Delay:        1.065ns  (logic 0.541ns (50.786%)  route 0.524ns (49.214%))
  Logic Levels:           1  (OBUF=1)
  Clock Uncertainty:      0.025ns  ((TSJ^2 + TIJ^2)^1/2 + DJ) / 2 + PE
    Total System Jitter     (TSJ):    0.050ns
    Total Input Jitter      (TIJ):    0.000ns
    Discrete Jitter          (DJ):    0.000ns
    Phase Error              (PE):    0.000ns
  Clock Net Delay (Source):      0.430ns (routing 0.000ns, distribution 0.430ns)

    Location             Delay type                Incr(ns)  Path(ns)    Netlist Resource(s)
  -------------------------------------------------------------------    -------------------
                         (clock clk rise edge)        0.000     0.000 r  
    BJ26                                              0.000     0.000 r  clk (IN)
                         net (fo=0)                   0.000     0.000    clk_IBUF_inst/I
    BJ26                 INBUF (Prop_INBUF_HPIOB_M_PAD_O)
                                                      0.260     0.260 r  clk_IBUF_inst/INBUF_INST/O
                         net (fo=1, routed)           0.000     0.260    clk_IBUF_inst/OUT
    BJ26                 IBUFCTRL (Prop_IBUFCTRL_HPIOB_M_I_O)
                                                      0.000     0.260 r  clk_IBUF_inst/IBUFCTRL_INST/O
                         net (fo=1, routed)           0.144     0.404    clk_IBUF
    BUFGCE_X0Y72         BUFGCE (Prop_BUFCE_BUFGCE_I_O)
                                                      0.017     0.421 r  clk_IBUF_BUFG_inst/O
    X4Y3 (CLOCK_ROOT)    net (fo=617, routed)         0.430     0.850    clk_IBUF_BUFG
    SLICE_X118Y195       FDRE                                         r  activity_reg_reg[23]/C
  -------------------------------------------------------------------    -------------------
    SLICE_X118Y195       FDRE (Prop_CFF_SLICEM_C_Q)
                                                      0.038     0.888 r  activity_reg_reg[23]/Q
                         net (fo=2, routed)           0.524     1.412    activity_o_OBUF[23]
    BH25                 OBUF (Prop_OUTBUF_HPIOB_S_I_O)
                                                      0.503     1.915 r  activity_o_OBUF[23]_inst/O
                         net (fo=0)                   0.000     1.915    activity_o[23]
    BH25                                                              r  activity_o[23] (OUT)
  -------------------------------------------------------------------    -------------------

Slack:                    inf
  Source:                 activity_reg_reg[30]/C
                            (rising edge-triggered cell FDRE clocked by clk  {rise@0.000ns fall@5.000ns period=10.000ns})
  Destination:            activity_o[30]
                            (output port)
  Path Group:             (none)
  Path Type:              Min at Fast Process Corner
  Data Path Delay:        1.056ns  (logic 0.542ns (51.338%)  route 0.514ns (48.662%))
  Logic Levels:           1  (OBUF=1)
  Clock Uncertainty:      0.025ns  ((TSJ^2 + TIJ^2)^1/2 + DJ) / 2 + PE
    Total System Jitter     (TSJ):    0.050ns
    Total Input Jitter      (TIJ):    0.000ns
    Discrete Jitter          (DJ):    0.000ns
    Phase Error              (PE):    0.000ns
  Clock Net Delay (Source):      0.439ns (routing 0.000ns, distribution 0.439ns)

    Location             Delay type                Incr(ns)  Path(ns)    Netlist Resource(s)
  -------------------------------------------------------------------    -------------------
                         (clock clk rise edge)        0.000     0.000 r  
    BJ26                                              0.000     0.000 r  clk (IN)
                         net (fo=0)                   0.000     0.000    clk_IBUF_inst/I
    BJ26                 INBUF (Prop_INBUF_HPIOB_M_PAD_O)
                                                      0.260     0.260 r  clk_IBUF_inst/INBUF_INST/O
                         net (fo=1, routed)           0.000     0.260    clk_IBUF_inst/OUT
    BJ26                 IBUFCTRL (Prop_IBUFCTRL_HPIOB_M_I_O)
                                                      0.000     0.260 r  clk_IBUF_inst/IBUFCTRL_INST/O
                         net (fo=1, routed)           0.144     0.404    clk_IBUF
    BUFGCE_X0Y72         BUFGCE (Prop_BUFCE_BUFGCE_I_O)
                                                      0.017     0.421 r  clk_IBUF_BUFG_inst/O
    X4Y3 (CLOCK_ROOT)    net (fo=617, routed)         0.439     0.859    clk_IBUF_BUFG
    SLICE_X118Y184       FDRE                                         r  activity_reg_reg[30]/C
  -------------------------------------------------------------------    -------------------
    SLICE_X118Y184       FDRE (Prop_FFF_SLICEM_C_Q)
                                                      0.037     0.896 r  activity_reg_reg[30]/Q
                         net (fo=2, routed)           0.514     1.410    activity_o_OBUF[30]
    BK28                 OBUF (Prop_OUTBUF_HPIOB_S_I_O)
                                                      0.505     1.916 r  activity_o_OBUF[30]_inst/O
                         net (fo=0)                   0.000     1.916    activity_o[30]
    BK28                                                              r  activity_o[30] (OUT)
  -------------------------------------------------------------------    -------------------

Slack:                    inf
  Source:                 activity_reg_reg[25]/C
                            (rising edge-triggered cell FDRE clocked by clk  {rise@0.000ns fall@5.000ns period=10.000ns})
  Destination:            activity_o[25]
                            (output port)
  Path Group:             (none)
  Path Type:              Min at Fast Process Corner
  Data Path Delay:        1.064ns  (logic 0.540ns (50.746%)  route 0.524ns (49.254%))
  Logic Levels:           1  (OBUF=1)
  Clock Uncertainty:      0.025ns  ((TSJ^2 + TIJ^2)^1/2 + DJ) / 2 + PE
    Total System Jitter     (TSJ):    0.050ns
    Total Input Jitter      (TIJ):    0.000ns
    Discrete Jitter          (DJ):    0.000ns
    Phase Error              (PE):    0.000ns
  Clock Net Delay (Source):      0.435ns (routing 0.000ns, distribution 0.435ns)

    Location             Delay type                Incr(ns)  Path(ns)    Netlist Resource(s)
  -------------------------------------------------------------------    -------------------
                         (clock clk rise edge)        0.000     0.000 r  
    BJ26                                              0.000     0.000 r  clk (IN)
                         net (fo=0)                   0.000     0.000    clk_IBUF_inst/I
    BJ26                 INBUF (Prop_INBUF_HPIOB_M_PAD_O)
                                                      0.260     0.260 r  clk_IBUF_inst/INBUF_INST/O
                         net (fo=1, routed)           0.000     0.260    clk_IBUF_inst/OUT
    BJ26                 IBUFCTRL (Prop_IBUFCTRL_HPIOB_M_I_O)
                                                      0.000     0.260 r  clk_IBUF_inst/IBUFCTRL_INST/O
                         net (fo=1, routed)           0.144     0.404    clk_IBUF
    BUFGCE_X0Y72         BUFGCE (Prop_BUFCE_BUFGCE_I_O)
                                                      0.017     0.421 r  clk_IBUF_BUFG_inst/O
    X4Y3 (CLOCK_ROOT)    net (fo=617, routed)         0.435     0.855    clk_IBUF_BUFG
    SLICE_X118Y197       FDRE                                         r  activity_reg_reg[25]/C
  -------------------------------------------------------------------    -------------------
    SLICE_X118Y197       FDRE (Prop_GFF_SLICEM_C_Q)
                                                      0.039     0.894 r  activity_reg_reg[25]/Q
                         net (fo=2, routed)           0.524     1.418    activity_o_OBUF[25]
    BJ27                 OBUF (Prop_OUTBUF_HPIOB_S_I_O)
                                                      0.501     1.919 r  activity_o_OBUF[25]_inst/O
                         net (fo=0)                   0.000     1.919    activity_o[25]
    BJ27                                                              r  activity_o[25] (OUT)
  -------------------------------------------------------------------    -------------------

Slack:                    inf
  Source:                 activity_reg_reg[19]/C
                            (rising edge-triggered cell FDRE clocked by clk  {rise@0.000ns fall@5.000ns period=10.000ns})
  Destination:            activity_o[19]
                            (output port)
  Path Group:             (none)
  Path Type:              Min at Fast Process Corner
  Data Path Delay:        1.080ns  (logic 0.550ns (50.918%)  route 0.530ns (49.082%))
  Logic Levels:           1  (OBUF=1)
  Clock Uncertainty:      0.025ns  ((TSJ^2 + TIJ^2)^1/2 + DJ) / 2 + PE
    Total System Jitter     (TSJ):    0.050ns
    Total Input Jitter      (TIJ):    0.000ns
    Discrete Jitter          (DJ):    0.000ns
    Phase Error              (PE):    0.000ns
  Clock Net Delay (Source):      0.425ns (routing 0.000ns, distribution 0.425ns)

    Location             Delay type                Incr(ns)  Path(ns)    Netlist Resource(s)
  -------------------------------------------------------------------    -------------------
                         (clock clk rise edge)        0.000     0.000 r  
    BJ26                                              0.000     0.000 r  clk (IN)
                         net (fo=0)                   0.000     0.000    clk_IBUF_inst/I
    BJ26                 INBUF (Prop_INBUF_HPIOB_M_PAD_O)
                                                      0.260     0.260 r  clk_IBUF_inst/INBUF_INST/O
                         net (fo=1, routed)           0.000     0.260    clk_IBUF_inst/OUT
    BJ26                 IBUFCTRL (Prop_IBUFCTRL_HPIOB_M_I_O)
                                                      0.000     0.260 r  clk_IBUF_inst/IBUFCTRL_INST/O
                         net (fo=1, routed)           0.144     0.404    clk_IBUF
    BUFGCE_X0Y72         BUFGCE (Prop_BUFCE_BUFGCE_I_O)
                                                      0.017     0.421 r  clk_IBUF_BUFG_inst/O
    X4Y3 (CLOCK_ROOT)    net (fo=617, routed)         0.425     0.845    clk_IBUF_BUFG
    SLICE_X117Y196       FDRE                                         r  activity_reg_reg[19]/C
  -------------------------------------------------------------------    -------------------
    SLICE_X117Y196       FDRE (Prop_GFF_SLICEL_C_Q)
                                                      0.039     0.884 r  activity_reg_reg[19]/Q
                         net (fo=2, routed)           0.530     1.414    activity_o_OBUF[19]
    BG27                 OBUF (Prop_OUTBUF_HPIOB_S_I_O)
                                                      0.511     1.925 r  activity_o_OBUF[19]_inst/O
                         net (fo=0)                   0.000     1.925    activity_o[19]
    BG27                                                              r  activity_o[19] (OUT)
  -------------------------------------------------------------------    -------------------

Slack:                    inf
  Source:                 activity_reg_reg[28]/C
                            (rising edge-triggered cell FDRE clocked by clk  {rise@0.000ns fall@5.000ns period=10.000ns})
  Destination:            activity_o[28]
                            (output port)
  Path Group:             (none)
  Path Type:              Min at Fast Process Corner
  Data Path Delay:        1.070ns  (logic 0.543ns (50.736%)  route 0.527ns (49.264%))
  Logic Levels:           1  (OBUF=1)
  Clock Uncertainty:      0.025ns  ((TSJ^2 + TIJ^2)^1/2 + DJ) / 2 + PE
    Total System Jitter     (TSJ):    0.050ns
    Total Input Jitter      (TIJ):    0.000ns
    Discrete Jitter          (DJ):    0.000ns
    Phase Error              (PE):    0.000ns
  Clock Net Delay (Source):      0.437ns (routing 0.000ns, distribution 0.437ns)

    Location             Delay type                Incr(ns)  Path(ns)    Netlist Resource(s)
  -------------------------------------------------------------------    -------------------
                         (clock clk rise edge)        0.000     0.000 r  
    BJ26                                              0.000     0.000 r  clk (IN)
                         net (fo=0)                   0.000     0.000    clk_IBUF_inst/I
    BJ26                 INBUF (Prop_INBUF_HPIOB_M_PAD_O)
                                                      0.260     0.260 r  clk_IBUF_inst/INBUF_INST/O
                         net (fo=1, routed)           0.000     0.260    clk_IBUF_inst/OUT
    BJ26                 IBUFCTRL (Prop_IBUFCTRL_HPIOB_M_I_O)
                                                      0.000     0.260 r  clk_IBUF_inst/IBUFCTRL_INST/O
                         net (fo=1, routed)           0.144     0.404    clk_IBUF
    BUFGCE_X0Y72         BUFGCE (Prop_BUFCE_BUFGCE_I_O)
                                                      0.017     0.421 r  clk_IBUF_BUFG_inst/O
    X4Y3 (CLOCK_ROOT)    net (fo=617, routed)         0.437     0.857    clk_IBUF_BUFG
    SLICE_X118Y193       FDRE                                         r  activity_reg_reg[28]/C
  -------------------------------------------------------------------    -------------------
    SLICE_X118Y193       FDRE (Prop_HFF_SLICEM_C_Q)
                                                      0.039     0.896 r  activity_reg_reg[28]/Q
                         net (fo=2, routed)           0.527     1.423    activity_o_OBUF[28]
    BL25                 OBUF (Prop_OUTBUF_HPIOB_S_I_O)
                                                      0.504     1.927 r  activity_o_OBUF[28]_inst/O
                         net (fo=0)                   0.000     1.927    activity_o[28]
    BL25                                                              r  activity_o[28] (OUT)
  -------------------------------------------------------------------    -------------------

Slack:                    inf
  Source:                 activity_reg_reg[17]/C
                            (rising edge-triggered cell FDRE clocked by clk  {rise@0.000ns fall@5.000ns period=10.000ns})
  Destination:            activity_o[17]
                            (output port)
  Path Group:             (none)
  Path Type:              Min at Fast Process Corner
  Data Path Delay:        1.093ns  (logic 0.535ns (48.962%)  route 0.558ns (51.038%))
  Logic Levels:           1  (OBUF=1)
  Clock Uncertainty:      0.025ns  ((TSJ^2 + TIJ^2)^1/2 + DJ) / 2 + PE
    Total System Jitter     (TSJ):    0.050ns
    Total Input Jitter      (TIJ):    0.000ns
    Discrete Jitter          (DJ):    0.000ns
    Phase Error              (PE):    0.000ns
  Clock Net Delay (Source):      0.422ns (routing 0.000ns, distribution 0.422ns)

    Location             Delay type                Incr(ns)  Path(ns)    Netlist Resource(s)
  -------------------------------------------------------------------    -------------------
                         (clock clk rise edge)        0.000     0.000 r  
    BJ26                                              0.000     0.000 r  clk (IN)
                         net (fo=0)                   0.000     0.000    clk_IBUF_inst/I
    BJ26                 INBUF (Prop_INBUF_HPIOB_M_PAD_O)
                                                      0.260     0.260 r  clk_IBUF_inst/INBUF_INST/O
                         net (fo=1, routed)           0.000     0.260    clk_IBUF_inst/OUT
    BJ26                 IBUFCTRL (Prop_IBUFCTRL_HPIOB_M_I_O)
                                                      0.000     0.260 r  clk_IBUF_inst/IBUFCTRL_INST/O
                         net (fo=1, routed)           0.144     0.404    clk_IBUF
    BUFGCE_X0Y72         BUFGCE (Prop_BUFCE_BUFGCE_I_O)
                                                      0.017     0.421 r  clk_IBUF_BUFG_inst/O
    X4Y3 (CLOCK_ROOT)    net (fo=617, routed)         0.422     0.842    clk_IBUF_BUFG
    SLICE_X117Y196       FDRE                                         r  activity_reg_reg[17]/C
  -------------------------------------------------------------------    -------------------
    SLICE_X117Y196       FDRE (Prop_BFF_SLICEL_C_Q)
                                                      0.039     0.881 r  activity_reg_reg[17]/Q
                         net (fo=2, routed)           0.558     1.439    activity_o_OBUF[17]
    BF26                 OBUF (Prop_OUTBUF_HPIOB_S_I_O)
                                                      0.496     1.935 r  activity_o_OBUF[17]_inst/O
                         net (fo=0)                   0.000     1.935    activity_o[17]
    BF26                                                              r  activity_o[17] (OUT)
  -------------------------------------------------------------------    -------------------

Slack:                    inf
  Source:                 activity_reg_reg[13]/C
                            (rising edge-triggered cell FDRE clocked by clk  {rise@0.000ns fall@5.000ns period=10.000ns})
  Destination:            activity_o[13]
                            (output port)
  Path Group:             (none)
  Path Type:              Min at Fast Process Corner
  Data Path Delay:        1.097ns  (logic 0.541ns (49.327%)  route 0.556ns (50.673%))
  Logic Levels:           1  (OBUF=1)
  Clock Uncertainty:      0.025ns  ((TSJ^2 + TIJ^2)^1/2 + DJ) / 2 + PE
    Total System Jitter     (TSJ):    0.050ns
    Total Input Jitter      (TIJ):    0.000ns
    Discrete Jitter          (DJ):    0.000ns
    Phase Error              (PE):    0.000ns
  Clock Net Delay (Source):      0.422ns (routing 0.000ns, distribution 0.422ns)

    Location             Delay type                Incr(ns)  Path(ns)    Netlist Resource(s)
  -------------------------------------------------------------------    -------------------
                         (clock clk rise edge)        0.000     0.000 r  
    BJ26                                              0.000     0.000 r  clk (IN)
                         net (fo=0)                   0.000     0.000    clk_IBUF_inst/I
    BJ26                 INBUF (Prop_INBUF_HPIOB_M_PAD_O)
                                                      0.260     0.260 r  clk_IBUF_inst/INBUF_INST/O
                         net (fo=1, routed)           0.000     0.260    clk_IBUF_inst/OUT
    BJ26                 IBUFCTRL (Prop_IBUFCTRL_HPIOB_M_I_O)
                                                      0.000     0.260 r  clk_IBUF_inst/IBUFCTRL_INST/O
                         net (fo=1, routed)           0.144     0.404    clk_IBUF
    BUFGCE_X0Y72         BUFGCE (Prop_BUFCE_BUFGCE_I_O)
                                                      0.017     0.421 r  clk_IBUF_BUFG_inst/O
    X4Y3 (CLOCK_ROOT)    net (fo=617, routed)         0.422     0.842    clk_IBUF_BUFG
    SLICE_X117Y196       FDRE                                         r  activity_reg_reg[13]/C
  -------------------------------------------------------------------    -------------------
    SLICE_X117Y196       FDRE (Prop_CFF_SLICEL_C_Q)
                                                      0.039     0.881 r  activity_reg_reg[13]/Q
                         net (fo=2, routed)           0.556     1.437    activity_o_OBUF[13]
    BH24                 OBUF (Prop_OUTBUF_HPIOB_S_I_O)
                                                      0.502     1.939 r  activity_o_OBUF[13]_inst/O
                         net (fo=0)                   0.000     1.939    activity_o[13]
    BH24                                                              r  activity_o[13] (OUT)
  -------------------------------------------------------------------    -------------------





--------------------------------------------------------------------------------------
Path Group:  (none)
From Clock:  
  To Clock:  clk

Max Delay           617 Endpoints
Min Delay           617 Endpoints
--------------------------------------------------------------------------------------


Max Delay Paths
--------------------------------------------------------------------------------------
Slack:                    inf
  Source:                 rst
                            (input port)
  Destination:            dut/x4_reg[12]/R
                            (rising edge-triggered cell FDRE clocked by clk  {rise@0.000ns fall@5.000ns period=10.000ns})
  Path Group:             (none)
  Path Type:              Setup (Max at Slow Process Corner)
  Data Path Delay:        3.374ns  (logic 0.637ns (18.868%)  route 2.737ns (81.132%))
  Logic Levels:           2  (IBUFCTRL=1 INBUF=1)
  Clock Path Skew:        1.380ns (DCD - SCD + CPR)
    Destination Clock Delay (DCD):    1.380ns
    Source Clock Delay      (SCD):    0.000ns
    Clock Pessimism Removal (CPR):    0.000ns
  Clock Uncertainty:      0.025ns  ((TSJ^2 + TIJ^2)^1/2 + DJ) / 2 + PE
    Total System Jitter     (TSJ):    0.050ns
    Total Input Jitter      (TIJ):    0.000ns
    Discrete Jitter          (DJ):    0.000ns
    Phase Error              (PE):    0.000ns
  Clock Net Delay (Destination): 0.696ns (routing 0.001ns, distribution 0.695ns)

    Location             Delay type                Incr(ns)  Path(ns)    Netlist Resource(s)
  -------------------------------------------------------------------    -------------------
    BL28                                              0.000     0.000 r  rst (IN)
                         net (fo=0)                   0.000     0.000    rst_IBUF_inst/I
    BL28                 INBUF (Prop_INBUF_HPIOB_M_PAD_O)
                                                      0.637     0.637 r  rst_IBUF_inst/INBUF_INST/O
                         net (fo=1, routed)           0.000     0.637    rst_IBUF_inst/OUT
    BL28                 IBUFCTRL (Prop_IBUFCTRL_HPIOB_M_I_O)
                                                      0.000     0.637 r  rst_IBUF_inst/IBUFCTRL_INST/O
                         net (fo=617, routed)         2.737     3.374    dut/rst_IBUF
    SLICE_X127Y186       FDRE                                         r  dut/x4_reg[12]/R
  -------------------------------------------------------------------    -------------------

                         (clock clk rise edge)        0.000     0.000 r  
    BJ26                                              0.000     0.000 r  clk (IN)
                         net (fo=0)                   0.000     0.000    clk_IBUF_inst/I
    BJ26                 INBUF (Prop_INBUF_HPIOB_M_PAD_O)
                                                      0.375     0.375 r  clk_IBUF_inst/INBUF_INST/O
                         net (fo=1, routed)           0.000     0.375    clk_IBUF_inst/OUT
    BJ26                 IBUFCTRL (Prop_IBUFCTRL_HPIOB_M_I_O)
                                                      0.000     0.375 r  clk_IBUF_inst/IBUFCTRL_INST/O
                         net (fo=1, routed)           0.286     0.661    clk_IBUF
    BUFGCE_X0Y72         BUFGCE (Prop_BUFCE_BUFGCE_I_O)
                                                      0.024     0.685 r  clk_IBUF_BUFG_inst/O
    X4Y3 (CLOCK_ROOT)    net (fo=617, routed)         0.696     1.380    dut/clk_IBUF_BUFG
    SLICE_X127Y186       FDRE                                         r  dut/x4_reg[12]/C

Slack:                    inf
  Source:                 rst
                            (input port)
  Destination:            dut/x4_reg[13]/R
                            (rising edge-triggered cell FDRE clocked by clk  {rise@0.000ns fall@5.000ns period=10.000ns})
  Path Group:             (none)
  Path Type:              Setup (Max at Slow Process Corner)
  Data Path Delay:        3.374ns  (logic 0.637ns (18.868%)  route 2.737ns (81.132%))
  Logic Levels:           2  (IBUFCTRL=1 INBUF=1)
  Clock Path Skew:        1.380ns (DCD - SCD + CPR)
    Destination Clock Delay (DCD):    1.380ns
    Source Clock Delay      (SCD):    0.000ns
    Clock Pessimism Removal (CPR):    0.000ns
  Clock Uncertainty:      0.025ns  ((TSJ^2 + TIJ^2)^1/2 + DJ) / 2 + PE
    Total System Jitter     (TSJ):    0.050ns
    Total Input Jitter      (TIJ):    0.000ns
    Discrete Jitter          (DJ):    0.000ns
    Phase Error              (PE):    0.000ns
  Clock Net Delay (Destination): 0.696ns (routing 0.001ns, distribution 0.695ns)

    Location             Delay type                Incr(ns)  Path(ns)    Netlist Resource(s)
  -------------------------------------------------------------------    -------------------
    BL28                                              0.000     0.000 r  rst (IN)
                         net (fo=0)                   0.000     0.000    rst_IBUF_inst/I
    BL28                 INBUF (Prop_INBUF_HPIOB_M_PAD_O)
                                                      0.637     0.637 r  rst_IBUF_inst/INBUF_INST/O
                         net (fo=1, routed)           0.000     0.637    rst_IBUF_inst/OUT
    BL28                 IBUFCTRL (Prop_IBUFCTRL_HPIOB_M_I_O)
                                                      0.000     0.637 r  rst_IBUF_inst/IBUFCTRL_INST/O
                         net (fo=617, routed)         2.737     3.374    dut/rst_IBUF
    SLICE_X127Y187       FDRE                                         r  dut/x4_reg[13]/R
  -------------------------------------------------------------------    -------------------

                         (clock clk rise edge)        0.000     0.000 r  
    BJ26                                              0.000     0.000 r  clk (IN)
                         net (fo=0)                   0.000     0.000    clk_IBUF_inst/I
    BJ26                 INBUF (Prop_INBUF_HPIOB_M_PAD_O)
                                                      0.375     0.375 r  clk_IBUF_inst/INBUF_INST/O
                         net (fo=1, routed)           0.000     0.375    clk_IBUF_inst/OUT
    BJ26                 IBUFCTRL (Prop_IBUFCTRL_HPIOB_M_I_O)
                                                      0.000     0.375 r  clk_IBUF_inst/IBUFCTRL_INST/O
                         net (fo=1, routed)           0.286     0.661    clk_IBUF
    BUFGCE_X0Y72         BUFGCE (Prop_BUFCE_BUFGCE_I_O)
                                                      0.024     0.685 r  clk_IBUF_BUFG_inst/O
    X4Y3 (CLOCK_ROOT)    net (fo=617, routed)         0.696     1.380    dut/clk_IBUF_BUFG
    SLICE_X127Y187       FDRE                                         r  dut/x4_reg[13]/C

Slack:                    inf
  Source:                 rst
                            (input port)
  Destination:            dut/x4_reg[16]/R
                            (rising edge-triggered cell FDRE clocked by clk  {rise@0.000ns fall@5.000ns period=10.000ns})
  Path Group:             (none)
  Path Type:              Setup (Max at Slow Process Corner)
  Data Path Delay:        3.374ns  (logic 0.637ns (18.868%)  route 2.737ns (81.132%))
  Logic Levels:           2  (IBUFCTRL=1 INBUF=1)
  Clock Path Skew:        1.380ns (DCD - SCD + CPR)
    Destination Clock Delay (DCD):    1.380ns
    Source Clock Delay      (SCD):    0.000ns
    Clock Pessimism Removal (CPR):    0.000ns
  Clock Uncertainty:      0.025ns  ((TSJ^2 + TIJ^2)^1/2 + DJ) / 2 + PE
    Total System Jitter     (TSJ):    0.050ns
    Total Input Jitter      (TIJ):    0.000ns
    Discrete Jitter          (DJ):    0.000ns
    Phase Error              (PE):    0.000ns
  Clock Net Delay (Destination): 0.696ns (routing 0.001ns, distribution 0.695ns)

    Location             Delay type                Incr(ns)  Path(ns)    Netlist Resource(s)
  -------------------------------------------------------------------    -------------------
    BL28                                              0.000     0.000 r  rst (IN)
                         net (fo=0)                   0.000     0.000    rst_IBUF_inst/I
    BL28                 INBUF (Prop_INBUF_HPIOB_M_PAD_O)
                                                      0.637     0.637 r  rst_IBUF_inst/INBUF_INST/O
                         net (fo=1, routed)           0.000     0.637    rst_IBUF_inst/OUT
    BL28                 IBUFCTRL (Prop_IBUFCTRL_HPIOB_M_I_O)
                                                      0.000     0.637 r  rst_IBUF_inst/IBUFCTRL_INST/O
                         net (fo=617, routed)         2.737     3.374    dut/rst_IBUF
    SLICE_X127Y186       FDRE                                         r  dut/x4_reg[16]/R
  -------------------------------------------------------------------    -------------------

                         (clock clk rise edge)        0.000     0.000 r  
    BJ26                                              0.000     0.000 r  clk (IN)
                         net (fo=0)                   0.000     0.000    clk_IBUF_inst/I
    BJ26                 INBUF (Prop_INBUF_HPIOB_M_PAD_O)
                                                      0.375     0.375 r  clk_IBUF_inst/INBUF_INST/O
                         net (fo=1, routed)           0.000     0.375    clk_IBUF_inst/OUT
    BJ26                 IBUFCTRL (Prop_IBUFCTRL_HPIOB_M_I_O)
                                                      0.000     0.375 r  clk_IBUF_inst/IBUFCTRL_INST/O
                         net (fo=1, routed)           0.286     0.661    clk_IBUF
    BUFGCE_X0Y72         BUFGCE (Prop_BUFCE_BUFGCE_I_O)
                                                      0.024     0.685 r  clk_IBUF_BUFG_inst/O
    X4Y3 (CLOCK_ROOT)    net (fo=617, routed)         0.696     1.380    dut/clk_IBUF_BUFG
    SLICE_X127Y186       FDRE                                         r  dut/x4_reg[16]/C

Slack:                    inf
  Source:                 rst
                            (input port)
  Destination:            dut/tag_out_reg[115]/R
                            (rising edge-triggered cell FDRE clocked by clk  {rise@0.000ns fall@5.000ns period=10.000ns})
  Path Group:             (none)
  Path Type:              Setup (Max at Slow Process Corner)
  Data Path Delay:        3.373ns  (logic 0.637ns (18.874%)  route 2.736ns (81.126%))
  Logic Levels:           2  (IBUFCTRL=1 INBUF=1)
  Clock Path Skew:        1.379ns (DCD - SCD + CPR)
    Destination Clock Delay (DCD):    1.379ns
    Source Clock Delay      (SCD):    0.000ns
    Clock Pessimism Removal (CPR):    0.000ns
  Clock Uncertainty:      0.025ns  ((TSJ^2 + TIJ^2)^1/2 + DJ) / 2 + PE
    Total System Jitter     (TSJ):    0.050ns
    Total Input Jitter      (TIJ):    0.000ns
    Discrete Jitter          (DJ):    0.000ns
    Phase Error              (PE):    0.000ns
  Clock Net Delay (Destination): 0.695ns (routing 0.001ns, distribution 0.694ns)

    Location             Delay type                Incr(ns)  Path(ns)    Netlist Resource(s)
  -------------------------------------------------------------------    -------------------
    BL28                                              0.000     0.000 r  rst (IN)
                         net (fo=0)                   0.000     0.000    rst_IBUF_inst/I
    BL28                 INBUF (Prop_INBUF_HPIOB_M_PAD_O)
                                                      0.637     0.637 r  rst_IBUF_inst/INBUF_INST/O
                         net (fo=1, routed)           0.000     0.637    rst_IBUF_inst/OUT
    BL28                 IBUFCTRL (Prop_IBUFCTRL_HPIOB_M_I_O)
                                                      0.000     0.637 r  rst_IBUF_inst/IBUFCTRL_INST/O
                         net (fo=617, routed)         2.736     3.373    dut/rst_IBUF
    SLICE_X127Y188       FDRE                                         r  dut/tag_out_reg[115]/R
  -------------------------------------------------------------------    -------------------

                         (clock clk rise edge)        0.000     0.000 r  
    BJ26                                              0.000     0.000 r  clk (IN)
                         net (fo=0)                   0.000     0.000    clk_IBUF_inst/I
    BJ26                 INBUF (Prop_INBUF_HPIOB_M_PAD_O)
                                                      0.375     0.375 r  clk_IBUF_inst/INBUF_INST/O
                         net (fo=1, routed)           0.000     0.375    clk_IBUF_inst/OUT
    BJ26                 IBUFCTRL (Prop_IBUFCTRL_HPIOB_M_I_O)
                                                      0.000     0.375 r  clk_IBUF_inst/IBUFCTRL_INST/O
                         net (fo=1, routed)           0.286     0.661    clk_IBUF
    BUFGCE_X0Y72         BUFGCE (Prop_BUFCE_BUFGCE_I_O)
                                                      0.024     0.685 r  clk_IBUF_BUFG_inst/O
    X4Y3 (CLOCK_ROOT)    net (fo=617, routed)         0.695     1.379    dut/clk_IBUF_BUFG
    SLICE_X127Y188       FDRE                                         r  dut/tag_out_reg[115]/C

Slack:                    inf
  Source:                 rst
                            (input port)
  Destination:            dut/tag_out_reg[35]/R
                            (rising edge-triggered cell FDRE clocked by clk  {rise@0.000ns fall@5.000ns period=10.000ns})
  Path Group:             (none)
  Path Type:              Setup (Max at Slow Process Corner)
  Data Path Delay:        3.373ns  (logic 0.637ns (18.874%)  route 2.736ns (81.126%))
  Logic Levels:           2  (IBUFCTRL=1 INBUF=1)
  Clock Path Skew:        1.382ns (DCD - SCD + CPR)
    Destination Clock Delay (DCD):    1.382ns
    Source Clock Delay      (SCD):    0.000ns
    Clock Pessimism Removal (CPR):    0.000ns
  Clock Uncertainty:      0.025ns  ((TSJ^2 + TIJ^2)^1/2 + DJ) / 2 + PE
    Total System Jitter     (TSJ):    0.050ns
    Total Input Jitter      (TIJ):    0.000ns
    Discrete Jitter          (DJ):    0.000ns
    Phase Error              (PE):    0.000ns
  Clock Net Delay (Destination): 0.698ns (routing 0.001ns, distribution 0.697ns)

    Location             Delay type                Incr(ns)  Path(ns)    Netlist Resource(s)
  -------------------------------------------------------------------    -------------------
    BL28                                              0.000     0.000 r  rst (IN)
                         net (fo=0)                   0.000     0.000    rst_IBUF_inst/I
    BL28                 INBUF (Prop_INBUF_HPIOB_M_PAD_O)
                                                      0.637     0.637 r  rst_IBUF_inst/INBUF_INST/O
                         net (fo=1, routed)           0.000     0.637    rst_IBUF_inst/OUT
    BL28                 IBUFCTRL (Prop_IBUFCTRL_HPIOB_M_I_O)
                                                      0.000     0.637 r  rst_IBUF_inst/IBUFCTRL_INST/O
                         net (fo=617, routed)         2.736     3.373    dut/rst_IBUF
    SLICE_X127Y186       FDRE                                         r  dut/tag_out_reg[35]/R
  -------------------------------------------------------------------    -------------------

                         (clock clk rise edge)        0.000     0.000 r  
    BJ26                                              0.000     0.000 r  clk (IN)
                         net (fo=0)                   0.000     0.000    clk_IBUF_inst/I
    BJ26                 INBUF (Prop_INBUF_HPIOB_M_PAD_O)
                                                      0.375     0.375 r  clk_IBUF_inst/INBUF_INST/O
                         net (fo=1, routed)           0.000     0.375    clk_IBUF_inst/OUT
    BJ26                 IBUFCTRL (Prop_IBUFCTRL_HPIOB_M_I_O)
                                                      0.000     0.375 r  clk_IBUF_inst/IBUFCTRL_INST/O
                         net (fo=1, routed)           0.286     0.661    clk_IBUF
    BUFGCE_X0Y72         BUFGCE (Prop_BUFCE_BUFGCE_I_O)
                                                      0.024     0.685 r  clk_IBUF_BUFG_inst/O
    X4Y3 (CLOCK_ROOT)    net (fo=617, routed)         0.698     1.382    dut/clk_IBUF_BUFG
    SLICE_X127Y186       FDRE                                         r  dut/tag_out_reg[35]/C

Slack:                    inf
  Source:                 rst
                            (input port)
  Destination:            dut/tag_out_reg[41]/R
                            (rising edge-triggered cell FDRE clocked by clk  {rise@0.000ns fall@5.000ns period=10.000ns})
  Path Group:             (none)
  Path Type:              Setup (Max at Slow Process Corner)
  Data Path Delay:        3.373ns  (logic 0.637ns (18.874%)  route 2.736ns (81.126%))
  Logic Levels:           2  (IBUFCTRL=1 INBUF=1)
  Clock Path Skew:        1.382ns (DCD - SCD + CPR)
    Destination Clock Delay (DCD):    1.382ns
    Source Clock Delay      (SCD):    0.000ns
    Clock Pessimism Removal (CPR):    0.000ns
  Clock Uncertainty:      0.025ns  ((TSJ^2 + TIJ^2)^1/2 + DJ) / 2 + PE
    Total System Jitter     (TSJ):    0.050ns
    Total Input Jitter      (TIJ):    0.000ns
    Discrete Jitter          (DJ):    0.000ns
    Phase Error              (PE):    0.000ns
  Clock Net Delay (Destination): 0.698ns (routing 0.001ns, distribution 0.697ns)

    Location             Delay type                Incr(ns)  Path(ns)    Netlist Resource(s)
  -------------------------------------------------------------------    -------------------
    BL28                                              0.000     0.000 r  rst (IN)
                         net (fo=0)                   0.000     0.000    rst_IBUF_inst/I
    BL28                 INBUF (Prop_INBUF_HPIOB_M_PAD_O)
                                                      0.637     0.637 r  rst_IBUF_inst/INBUF_INST/O
                         net (fo=1, routed)           0.000     0.637    rst_IBUF_inst/OUT
    BL28                 IBUFCTRL (Prop_IBUFCTRL_HPIOB_M_I_O)
                                                      0.000     0.637 r  rst_IBUF_inst/IBUFCTRL_INST/O
                         net (fo=617, routed)         2.736     3.373    dut/rst_IBUF
    SLICE_X127Y186       FDRE                                         r  dut/tag_out_reg[41]/R
  -------------------------------------------------------------------    -------------------

                         (clock clk rise edge)        0.000     0.000 r  
    BJ26                                              0.000     0.000 r  clk (IN)
                         net (fo=0)                   0.000     0.000    clk_IBUF_inst/I
    BJ26                 INBUF (Prop_INBUF_HPIOB_M_PAD_O)
                                                      0.375     0.375 r  clk_IBUF_inst/INBUF_INST/O
                         net (fo=1, routed)           0.000     0.375    clk_IBUF_inst/OUT
    BJ26                 IBUFCTRL (Prop_IBUFCTRL_HPIOB_M_I_O)
                                                      0.000     0.375 r  clk_IBUF_inst/IBUFCTRL_INST/O
                         net (fo=1, routed)           0.286     0.661    clk_IBUF
    BUFGCE_X0Y72         BUFGCE (Prop_BUFCE_BUFGCE_I_O)
                                                      0.024     0.685 r  clk_IBUF_BUFG_inst/O
    X4Y3 (CLOCK_ROOT)    net (fo=617, routed)         0.698     1.382    dut/clk_IBUF_BUFG
    SLICE_X127Y186       FDRE                                         r  dut/tag_out_reg[41]/C

Slack:                    inf
  Source:                 rst
                            (input port)
  Destination:            dut/tag_out_reg[52]/R
                            (rising edge-triggered cell FDRE clocked by clk  {rise@0.000ns fall@5.000ns period=10.000ns})
  Path Group:             (none)
  Path Type:              Setup (Max at Slow Process Corner)
  Data Path Delay:        3.373ns  (logic 0.637ns (18.874%)  route 2.736ns (81.126%))
  Logic Levels:           2  (IBUFCTRL=1 INBUF=1)
  Clock Path Skew:        1.382ns (DCD - SCD + CPR)
    Destination Clock Delay (DCD):    1.382ns
    Source Clock Delay      (SCD):    0.000ns
    Clock Pessimism Removal (CPR):    0.000ns
  Clock Uncertainty:      0.025ns  ((TSJ^2 + TIJ^2)^1/2 + DJ) / 2 + PE
    Total System Jitter     (TSJ):    0.050ns
    Total Input Jitter      (TIJ):    0.000ns
    Discrete Jitter          (DJ):    0.000ns
    Phase Error              (PE):    0.000ns
  Clock Net Delay (Destination): 0.698ns (routing 0.001ns, distribution 0.697ns)

    Location             Delay type                Incr(ns)  Path(ns)    Netlist Resource(s)
  -------------------------------------------------------------------    -------------------
    BL28                                              0.000     0.000 r  rst (IN)
                         net (fo=0)                   0.000     0.000    rst_IBUF_inst/I
    BL28                 INBUF (Prop_INBUF_HPIOB_M_PAD_O)
                                                      0.637     0.637 r  rst_IBUF_inst/INBUF_INST/O
                         net (fo=1, routed)           0.000     0.637    rst_IBUF_inst/OUT
    BL28                 IBUFCTRL (Prop_IBUFCTRL_HPIOB_M_I_O)
                                                      0.000     0.637 r  rst_IBUF_inst/IBUFCTRL_INST/O
                         net (fo=617, routed)         2.736     3.373    dut/rst_IBUF
    SLICE_X127Y186       FDRE                                         r  dut/tag_out_reg[52]/R
  -------------------------------------------------------------------    -------------------

                         (clock clk rise edge)        0.000     0.000 r  
    BJ26                                              0.000     0.000 r  clk (IN)
                         net (fo=0)                   0.000     0.000    clk_IBUF_inst/I
    BJ26                 INBUF (Prop_INBUF_HPIOB_M_PAD_O)
                                                      0.375     0.375 r  clk_IBUF_inst/INBUF_INST/O
                         net (fo=1, routed)           0.000     0.375    clk_IBUF_inst/OUT
    BJ26                 IBUFCTRL (Prop_IBUFCTRL_HPIOB_M_I_O)
                                                      0.000     0.375 r  clk_IBUF_inst/IBUFCTRL_INST/O
                         net (fo=1, routed)           0.286     0.661    clk_IBUF
    BUFGCE_X0Y72         BUFGCE (Prop_BUFCE_BUFGCE_I_O)
                                                      0.024     0.685 r  clk_IBUF_BUFG_inst/O
    X4Y3 (CLOCK_ROOT)    net (fo=617, routed)         0.698     1.382    dut/clk_IBUF_BUFG
    SLICE_X127Y186       FDRE                                         r  dut/tag_out_reg[52]/C

Slack:                    inf
  Source:                 rst
                            (input port)
  Destination:            dut/tag_out_reg[53]/R
                            (rising edge-triggered cell FDRE clocked by clk  {rise@0.000ns fall@5.000ns period=10.000ns})
  Path Group:             (none)
  Path Type:              Setup (Max at Slow Process Corner)
  Data Path Delay:        3.373ns  (logic 0.637ns (18.874%)  route 2.736ns (81.126%))
  Logic Levels:           2  (IBUFCTRL=1 INBUF=1)
  Clock Path Skew:        1.382ns (DCD - SCD + CPR)
    Destination Clock Delay (DCD):    1.382ns
    Source Clock Delay      (SCD):    0.000ns
    Clock Pessimism Removal (CPR):    0.000ns
  Clock Uncertainty:      0.025ns  ((TSJ^2 + TIJ^2)^1/2 + DJ) / 2 + PE
    Total System Jitter     (TSJ):    0.050ns
    Total Input Jitter      (TIJ):    0.000ns
    Discrete Jitter          (DJ):    0.000ns
    Phase Error              (PE):    0.000ns
  Clock Net Delay (Destination): 0.698ns (routing 0.001ns, distribution 0.697ns)

    Location             Delay type                Incr(ns)  Path(ns)    Netlist Resource(s)
  -------------------------------------------------------------------    -------------------
    BL28                                              0.000     0.000 r  rst (IN)
                         net (fo=0)                   0.000     0.000    rst_IBUF_inst/I
    BL28                 INBUF (Prop_INBUF_HPIOB_M_PAD_O)
                                                      0.637     0.637 r  rst_IBUF_inst/INBUF_INST/O
                         net (fo=1, routed)           0.000     0.637    rst_IBUF_inst/OUT
    BL28                 IBUFCTRL (Prop_IBUFCTRL_HPIOB_M_I_O)
                                                      0.000     0.637 r  rst_IBUF_inst/IBUFCTRL_INST/O
                         net (fo=617, routed)         2.736     3.373    dut/rst_IBUF
    SLICE_X127Y186       FDRE                                         r  dut/tag_out_reg[53]/R
  -------------------------------------------------------------------    -------------------

                         (clock clk rise edge)        0.000     0.000 r  
    BJ26                                              0.000     0.000 r  clk (IN)
                         net (fo=0)                   0.000     0.000    clk_IBUF_inst/I
    BJ26                 INBUF (Prop_INBUF_HPIOB_M_PAD_O)
                                                      0.375     0.375 r  clk_IBUF_inst/INBUF_INST/O
                         net (fo=1, routed)           0.000     0.375    clk_IBUF_inst/OUT
    BJ26                 IBUFCTRL (Prop_IBUFCTRL_HPIOB_M_I_O)
                                                      0.000     0.375 r  clk_IBUF_inst/IBUFCTRL_INST/O
                         net (fo=1, routed)           0.286     0.661    clk_IBUF
    BUFGCE_X0Y72         BUFGCE (Prop_BUFCE_BUFGCE_I_O)
                                                      0.024     0.685 r  clk_IBUF_BUFG_inst/O
    X4Y3 (CLOCK_ROOT)    net (fo=617, routed)         0.698     1.382    dut/clk_IBUF_BUFG
    SLICE_X127Y186       FDRE                                         r  dut/tag_out_reg[53]/C

Slack:                    inf
  Source:                 rst
                            (input port)
  Destination:            dut/x2_reg[21]/R
                            (rising edge-triggered cell FDRE clocked by clk  {rise@0.000ns fall@5.000ns period=10.000ns})
  Path Group:             (none)
  Path Type:              Setup (Max at Slow Process Corner)
  Data Path Delay:        3.373ns  (logic 0.637ns (18.874%)  route 2.736ns (81.126%))
  Logic Levels:           2  (IBUFCTRL=1 INBUF=1)
  Clock Path Skew:        1.382ns (DCD - SCD + CPR)
    Destination Clock Delay (DCD):    1.382ns
    Source Clock Delay      (SCD):    0.000ns
    Clock Pessimism Removal (CPR):    0.000ns
  Clock Uncertainty:      0.025ns  ((TSJ^2 + TIJ^2)^1/2 + DJ) / 2 + PE
    Total System Jitter     (TSJ):    0.050ns
    Total Input Jitter      (TIJ):    0.000ns
    Discrete Jitter          (DJ):    0.000ns
    Phase Error              (PE):    0.000ns
  Clock Net Delay (Destination): 0.698ns (routing 0.001ns, distribution 0.697ns)

    Location             Delay type                Incr(ns)  Path(ns)    Netlist Resource(s)
  -------------------------------------------------------------------    -------------------
    BL28                                              0.000     0.000 r  rst (IN)
                         net (fo=0)                   0.000     0.000    rst_IBUF_inst/I
    BL28                 INBUF (Prop_INBUF_HPIOB_M_PAD_O)
                                                      0.637     0.637 r  rst_IBUF_inst/INBUF_INST/O
                         net (fo=1, routed)           0.000     0.637    rst_IBUF_inst/OUT
    BL28                 IBUFCTRL (Prop_IBUFCTRL_HPIOB_M_I_O)
                                                      0.000     0.637 r  rst_IBUF_inst/IBUFCTRL_INST/O
                         net (fo=617, routed)         2.736     3.373    dut/rst_IBUF
    SLICE_X127Y187       FDRE                                         r  dut/x2_reg[21]/R
  -------------------------------------------------------------------    -------------------

                         (clock clk rise edge)        0.000     0.000 r  
    BJ26                                              0.000     0.000 r  clk (IN)
                         net (fo=0)                   0.000     0.000    clk_IBUF_inst/I
    BJ26                 INBUF (Prop_INBUF_HPIOB_M_PAD_O)
                                                      0.375     0.375 r  clk_IBUF_inst/INBUF_INST/O
                         net (fo=1, routed)           0.000     0.375    clk_IBUF_inst/OUT
    BJ26                 IBUFCTRL (Prop_IBUFCTRL_HPIOB_M_I_O)
                                                      0.000     0.375 r  clk_IBUF_inst/IBUFCTRL_INST/O
                         net (fo=1, routed)           0.286     0.661    clk_IBUF
    BUFGCE_X0Y72         BUFGCE (Prop_BUFCE_BUFGCE_I_O)
                                                      0.024     0.685 r  clk_IBUF_BUFG_inst/O
    X4Y3 (CLOCK_ROOT)    net (fo=617, routed)         0.698     1.382    dut/clk_IBUF_BUFG
    SLICE_X127Y187       FDRE                                         r  dut/x2_reg[21]/C

Slack:                    inf
  Source:                 rst
                            (input port)
  Destination:            dut/x3_reg[11]/R
                            (rising edge-triggered cell FDRE clocked by clk  {rise@0.000ns fall@5.000ns period=10.000ns})
  Path Group:             (none)
  Path Type:              Setup (Max at Slow Process Corner)
  Data Path Delay:        3.373ns  (logic 0.637ns (18.874%)  route 2.736ns (81.126%))
  Logic Levels:           2  (IBUFCTRL=1 INBUF=1)
  Clock Path Skew:        1.379ns (DCD - SCD + CPR)
    Destination Clock Delay (DCD):    1.379ns
    Source Clock Delay      (SCD):    0.000ns
    Clock Pessimism Removal (CPR):    0.000ns
  Clock Uncertainty:      0.025ns  ((TSJ^2 + TIJ^2)^1/2 + DJ) / 2 + PE
    Total System Jitter     (TSJ):    0.050ns
    Total Input Jitter      (TIJ):    0.000ns
    Discrete Jitter          (DJ):    0.000ns
    Phase Error              (PE):    0.000ns
  Clock Net Delay (Destination): 0.695ns (routing 0.001ns, distribution 0.694ns)

    Location             Delay type                Incr(ns)  Path(ns)    Netlist Resource(s)
  -------------------------------------------------------------------    -------------------
    BL28                                              0.000     0.000 r  rst (IN)
                         net (fo=0)                   0.000     0.000    rst_IBUF_inst/I
    BL28                 INBUF (Prop_INBUF_HPIOB_M_PAD_O)
                                                      0.637     0.637 r  rst_IBUF_inst/INBUF_INST/O
                         net (fo=1, routed)           0.000     0.637    rst_IBUF_inst/OUT
    BL28                 IBUFCTRL (Prop_IBUFCTRL_HPIOB_M_I_O)
                                                      0.000     0.637 r  rst_IBUF_inst/IBUFCTRL_INST/O
                         net (fo=617, routed)         2.736     3.373    dut/rst_IBUF
    SLICE_X127Y188       FDRE                                         r  dut/x3_reg[11]/R
  -------------------------------------------------------------------    -------------------

                         (clock clk rise edge)        0.000     0.000 r  
    BJ26                                              0.000     0.000 r  clk (IN)
                         net (fo=0)                   0.000     0.000    clk_IBUF_inst/I
    BJ26                 INBUF (Prop_INBUF_HPIOB_M_PAD_O)
                                                      0.375     0.375 r  clk_IBUF_inst/INBUF_INST/O
                         net (fo=1, routed)           0.000     0.375    clk_IBUF_inst/OUT
    BJ26                 IBUFCTRL (Prop_IBUFCTRL_HPIOB_M_I_O)
                                                      0.000     0.375 r  clk_IBUF_inst/IBUFCTRL_INST/O
                         net (fo=1, routed)           0.286     0.661    clk_IBUF
    BUFGCE_X0Y72         BUFGCE (Prop_BUFCE_BUFGCE_I_O)
                                                      0.024     0.685 r  clk_IBUF_BUFG_inst/O
    X4Y3 (CLOCK_ROOT)    net (fo=617, routed)         0.695     1.379    dut/clk_IBUF_BUFG
    SLICE_X127Y188       FDRE                                         r  dut/x3_reg[11]/C





Min Delay Paths
--------------------------------------------------------------------------------------
Slack:                    inf
  Source:                 rst
                            (input port)
  Destination:            hold_ctr_reg[17]/R
                            (rising edge-triggered cell FDRE clocked by clk  {rise@0.000ns fall@5.000ns period=10.000ns})
  Path Group:             (none)
  Path Type:              Hold (Min at Fast Process Corner)
  Data Path Delay:        0.715ns  (logic 0.270ns (37.803%)  route 0.445ns (62.197%))
  Logic Levels:           2  (IBUFCTRL=1 INBUF=1)
  Clock Path Skew:        1.112ns (DCD - SCD - CPR)
    Destination Clock Delay (DCD):    1.112ns
    Source Clock Delay      (SCD):    0.000ns
    Clock Pessimism Removal (CPR):    -0.000ns
  Clock Net Delay (Destination): 0.466ns (routing 0.001ns, distribution 0.465ns)

    Location             Delay type                Incr(ns)  Path(ns)    Netlist Resource(s)
  -------------------------------------------------------------------    -------------------
    BL28                                              0.000     0.000 r  rst (IN)
                         net (fo=0)                   0.000     0.000    rst_IBUF_inst/I
    BL28                 INBUF (Prop_INBUF_HPIOB_M_PAD_O)
                                                      0.270     0.270 r  rst_IBUF_inst/INBUF_INST/O
                         net (fo=1, routed)           0.000     0.270    rst_IBUF_inst/OUT
    BL28                 IBUFCTRL (Prop_IBUFCTRL_HPIOB_M_I_O)
                                                      0.000     0.270 r  rst_IBUF_inst/IBUFCTRL_INST/O
                         net (fo=617, routed)         0.445     0.715    rst_IBUF
    SLICE_X117Y211       FDRE                                         r  hold_ctr_reg[17]/R
  -------------------------------------------------------------------    -------------------

                         (clock clk rise edge)        0.000     0.000 r  
    BJ26                                              0.000     0.000 r  clk (IN)
                         net (fo=0)                   0.000     0.000    clk_IBUF_inst/I
    BJ26                 INBUF (Prop_INBUF_HPIOB_M_PAD_O)
                                                      0.446     0.446 r  clk_IBUF_inst/INBUF_INST/O
                         net (fo=1, routed)           0.000     0.446    clk_IBUF_inst/OUT
    BJ26                 IBUFCTRL (Prop_IBUFCTRL_HPIOB_M_I_O)
                                                      0.000     0.446 r  clk_IBUF_inst/IBUFCTRL_INST/O
                         net (fo=1, routed)           0.181     0.627    clk_IBUF
    BUFGCE_X0Y72         BUFGCE (Prop_BUFCE_BUFGCE_I_O)
                                                      0.019     0.646 r  clk_IBUF_BUFG_inst/O
    X4Y3 (CLOCK_ROOT)    net (fo=617, routed)         0.466     1.112    clk_IBUF_BUFG
    SLICE_X117Y211       FDRE                                         r  hold_ctr_reg[17]/C

Slack:                    inf
  Source:                 rst
                            (input port)
  Destination:            hold_ctr_reg[24]/R
                            (rising edge-triggered cell FDRE clocked by clk  {rise@0.000ns fall@5.000ns period=10.000ns})
  Path Group:             (none)
  Path Type:              Hold (Min at Fast Process Corner)
  Data Path Delay:        0.715ns  (logic 0.270ns (37.803%)  route 0.445ns (62.197%))
  Logic Levels:           2  (IBUFCTRL=1 INBUF=1)
  Clock Path Skew:        1.112ns (DCD - SCD - CPR)
    Destination Clock Delay (DCD):    1.112ns
    Source Clock Delay      (SCD):    0.000ns
    Clock Pessimism Removal (CPR):    -0.000ns
  Clock Net Delay (Destination): 0.466ns (routing 0.001ns, distribution 0.465ns)

    Location             Delay type                Incr(ns)  Path(ns)    Netlist Resource(s)
  -------------------------------------------------------------------    -------------------
    BL28                                              0.000     0.000 r  rst (IN)
                         net (fo=0)                   0.000     0.000    rst_IBUF_inst/I
    BL28                 INBUF (Prop_INBUF_HPIOB_M_PAD_O)
                                                      0.270     0.270 r  rst_IBUF_inst/INBUF_INST/O
                         net (fo=1, routed)           0.000     0.270    rst_IBUF_inst/OUT
    BL28                 IBUFCTRL (Prop_IBUFCTRL_HPIOB_M_I_O)
                                                      0.000     0.270 r  rst_IBUF_inst/IBUFCTRL_INST/O
                         net (fo=617, routed)         0.445     0.715    rst_IBUF
    SLICE_X117Y211       FDRE                                         r  hold_ctr_reg[24]/R
  -------------------------------------------------------------------    -------------------

                         (clock clk rise edge)        0.000     0.000 r  
    BJ26                                              0.000     0.000 r  clk (IN)
                         net (fo=0)                   0.000     0.000    clk_IBUF_inst/I
    BJ26                 INBUF (Prop_INBUF_HPIOB_M_PAD_O)
                                                      0.446     0.446 r  clk_IBUF_inst/INBUF_INST/O
                         net (fo=1, routed)           0.000     0.446    clk_IBUF_inst/OUT
    BJ26                 IBUFCTRL (Prop_IBUFCTRL_HPIOB_M_I_O)
                                                      0.000     0.446 r  clk_IBUF_inst/IBUFCTRL_INST/O
                         net (fo=1, routed)           0.181     0.627    clk_IBUF
    BUFGCE_X0Y72         BUFGCE (Prop_BUFCE_BUFGCE_I_O)
                                                      0.019     0.646 r  clk_IBUF_BUFG_inst/O
    X4Y3 (CLOCK_ROOT)    net (fo=617, routed)         0.466     1.112    clk_IBUF_BUFG
    SLICE_X117Y211       FDRE                                         r  hold_ctr_reg[24]/C

Slack:                    inf
  Source:                 rst
                            (input port)
  Destination:            hold_ctr_reg[10]/R
                            (rising edge-triggered cell FDRE clocked by clk  {rise@0.000ns fall@5.000ns period=10.000ns})
  Path Group:             (none)
  Path Type:              Hold (Min at Fast Process Corner)
  Data Path Delay:        0.746ns  (logic 0.270ns (36.221%)  route 0.476ns (63.779%))
  Logic Levels:           2  (IBUFCTRL=1 INBUF=1)
  Clock Path Skew:        1.115ns (DCD - SCD - CPR)
    Destination Clock Delay (DCD):    1.115ns
    Source Clock Delay      (SCD):    0.000ns
    Clock Pessimism Removal (CPR):    -0.000ns
  Clock Net Delay (Destination): 0.469ns (routing 0.001ns, distribution 0.468ns)

    Location             Delay type                Incr(ns)  Path(ns)    Netlist Resource(s)
  -------------------------------------------------------------------    -------------------
    BL28                                              0.000     0.000 r  rst (IN)
                         net (fo=0)                   0.000     0.000    rst_IBUF_inst/I
    BL28                 INBUF (Prop_INBUF_HPIOB_M_PAD_O)
                                                      0.270     0.270 r  rst_IBUF_inst/INBUF_INST/O
                         net (fo=1, routed)           0.000     0.270    rst_IBUF_inst/OUT
    BL28                 IBUFCTRL (Prop_IBUFCTRL_HPIOB_M_I_O)
                                                      0.000     0.270 r  rst_IBUF_inst/IBUFCTRL_INST/O
                         net (fo=617, routed)         0.476     0.746    rst_IBUF
    SLICE_X117Y210       FDRE                                         r  hold_ctr_reg[10]/R
  -------------------------------------------------------------------    -------------------

                         (clock clk rise edge)        0.000     0.000 r  
    BJ26                                              0.000     0.000 r  clk (IN)
                         net (fo=0)                   0.000     0.000    clk_IBUF_inst/I
    BJ26                 INBUF (Prop_INBUF_HPIOB_M_PAD_O)
                                                      0.446     0.446 r  clk_IBUF_inst/INBUF_INST/O
                         net (fo=1, routed)           0.000     0.446    clk_IBUF_inst/OUT
    BJ26                 IBUFCTRL (Prop_IBUFCTRL_HPIOB_M_I_O)
                                                      0.000     0.446 r  clk_IBUF_inst/IBUFCTRL_INST/O
                         net (fo=1, routed)           0.181     0.627    clk_IBUF
    BUFGCE_X0Y72         BUFGCE (Prop_BUFCE_BUFGCE_I_O)
                                                      0.019     0.646 r  clk_IBUF_BUFG_inst/O
    X4Y3 (CLOCK_ROOT)    net (fo=617, routed)         0.469     1.115    clk_IBUF_BUFG
    SLICE_X117Y210       FDRE                                         r  hold_ctr_reg[10]/C

Slack:                    inf
  Source:                 rst
                            (input port)
  Destination:            hold_ctr_reg[11]/R
                            (rising edge-triggered cell FDRE clocked by clk  {rise@0.000ns fall@5.000ns period=10.000ns})
  Path Group:             (none)
  Path Type:              Hold (Min at Fast Process Corner)
  Data Path Delay:        0.746ns  (logic 0.270ns (36.221%)  route 0.476ns (63.779%))
  Logic Levels:           2  (IBUFCTRL=1 INBUF=1)
  Clock Path Skew:        1.115ns (DCD - SCD - CPR)
    Destination Clock Delay (DCD):    1.115ns
    Source Clock Delay      (SCD):    0.000ns
    Clock Pessimism Removal (CPR):    -0.000ns
  Clock Net Delay (Destination): 0.469ns (routing 0.001ns, distribution 0.468ns)

    Location             Delay type                Incr(ns)  Path(ns)    Netlist Resource(s)
  -------------------------------------------------------------------    -------------------
    BL28                                              0.000     0.000 r  rst (IN)
                         net (fo=0)                   0.000     0.000    rst_IBUF_inst/I
    BL28                 INBUF (Prop_INBUF_HPIOB_M_PAD_O)
                                                      0.270     0.270 r  rst_IBUF_inst/INBUF_INST/O
                         net (fo=1, routed)           0.000     0.270    rst_IBUF_inst/OUT
    BL28                 IBUFCTRL (Prop_IBUFCTRL_HPIOB_M_I_O)
                                                      0.000     0.270 r  rst_IBUF_inst/IBUFCTRL_INST/O
                         net (fo=617, routed)         0.476     0.746    rst_IBUF
    SLICE_X117Y210       FDRE                                         r  hold_ctr_reg[11]/R
  -------------------------------------------------------------------    -------------------

                         (clock clk rise edge)        0.000     0.000 r  
    BJ26                                              0.000     0.000 r  clk (IN)
                         net (fo=0)                   0.000     0.000    clk_IBUF_inst/I
    BJ26                 INBUF (Prop_INBUF_HPIOB_M_PAD_O)
                                                      0.446     0.446 r  clk_IBUF_inst/INBUF_INST/O
                         net (fo=1, routed)           0.000     0.446    clk_IBUF_inst/OUT
    BJ26                 IBUFCTRL (Prop_IBUFCTRL_HPIOB_M_I_O)
                                                      0.000     0.446 r  clk_IBUF_inst/IBUFCTRL_INST/O
                         net (fo=1, routed)           0.181     0.627    clk_IBUF
    BUFGCE_X0Y72         BUFGCE (Prop_BUFCE_BUFGCE_I_O)
                                                      0.019     0.646 r  clk_IBUF_BUFG_inst/O
    X4Y3 (CLOCK_ROOT)    net (fo=617, routed)         0.469     1.115    clk_IBUF_BUFG
    SLICE_X117Y210       FDRE                                         r  hold_ctr_reg[11]/C

Slack:                    inf
  Source:                 rst
                            (input port)
  Destination:            hold_ctr_reg[12]/R
                            (rising edge-triggered cell FDRE clocked by clk  {rise@0.000ns fall@5.000ns period=10.000ns})
  Path Group:             (none)
  Path Type:              Hold (Min at Fast Process Corner)
  Data Path Delay:        0.746ns  (logic 0.270ns (36.221%)  route 0.476ns (63.779%))
  Logic Levels:           2  (IBUFCTRL=1 INBUF=1)
  Clock Path Skew:        1.115ns (DCD - SCD - CPR)
    Destination Clock Delay (DCD):    1.115ns
    Source Clock Delay      (SCD):    0.000ns
    Clock Pessimism Removal (CPR):    -0.000ns
  Clock Net Delay (Destination): 0.469ns (routing 0.001ns, distribution 0.468ns)

    Location             Delay type                Incr(ns)  Path(ns)    Netlist Resource(s)
  -------------------------------------------------------------------    -------------------
    BL28                                              0.000     0.000 r  rst (IN)
                         net (fo=0)                   0.000     0.000    rst_IBUF_inst/I
    BL28                 INBUF (Prop_INBUF_HPIOB_M_PAD_O)
                                                      0.270     0.270 r  rst_IBUF_inst/INBUF_INST/O
                         net (fo=1, routed)           0.000     0.270    rst_IBUF_inst/OUT
    BL28                 IBUFCTRL (Prop_IBUFCTRL_HPIOB_M_I_O)
                                                      0.000     0.270 r  rst_IBUF_inst/IBUFCTRL_INST/O
                         net (fo=617, routed)         0.476     0.746    rst_IBUF
    SLICE_X117Y210       FDRE                                         r  hold_ctr_reg[12]/R
  -------------------------------------------------------------------    -------------------

                         (clock clk rise edge)        0.000     0.000 r  
    BJ26                                              0.000     0.000 r  clk (IN)
                         net (fo=0)                   0.000     0.000    clk_IBUF_inst/I
    BJ26                 INBUF (Prop_INBUF_HPIOB_M_PAD_O)
                                                      0.446     0.446 r  clk_IBUF_inst/INBUF_INST/O
                         net (fo=1, routed)           0.000     0.446    clk_IBUF_inst/OUT
    BJ26                 IBUFCTRL (Prop_IBUFCTRL_HPIOB_M_I_O)
                                                      0.000     0.446 r  clk_IBUF_inst/IBUFCTRL_INST/O
                         net (fo=1, routed)           0.181     0.627    clk_IBUF
    BUFGCE_X0Y72         BUFGCE (Prop_BUFCE_BUFGCE_I_O)
                                                      0.019     0.646 r  clk_IBUF_BUFG_inst/O
    X4Y3 (CLOCK_ROOT)    net (fo=617, routed)         0.469     1.115    clk_IBUF_BUFG
    SLICE_X117Y210       FDRE                                         r  hold_ctr_reg[12]/C

Slack:                    inf
  Source:                 rst
                            (input port)
  Destination:            hold_ctr_reg[13]/R
                            (rising edge-triggered cell FDRE clocked by clk  {rise@0.000ns fall@5.000ns period=10.000ns})
  Path Group:             (none)
  Path Type:              Hold (Min at Fast Process Corner)
  Data Path Delay:        0.746ns  (logic 0.270ns (36.221%)  route 0.476ns (63.779%))
  Logic Levels:           2  (IBUFCTRL=1 INBUF=1)
  Clock Path Skew:        1.115ns (DCD - SCD - CPR)
    Destination Clock Delay (DCD):    1.115ns
    Source Clock Delay      (SCD):    0.000ns
    Clock Pessimism Removal (CPR):    -0.000ns
  Clock Net Delay (Destination): 0.469ns (routing 0.001ns, distribution 0.468ns)

    Location             Delay type                Incr(ns)  Path(ns)    Netlist Resource(s)
  -------------------------------------------------------------------    -------------------
    BL28                                              0.000     0.000 r  rst (IN)
                         net (fo=0)                   0.000     0.000    rst_IBUF_inst/I
    BL28                 INBUF (Prop_INBUF_HPIOB_M_PAD_O)
                                                      0.270     0.270 r  rst_IBUF_inst/INBUF_INST/O
                         net (fo=1, routed)           0.000     0.270    rst_IBUF_inst/OUT
    BL28                 IBUFCTRL (Prop_IBUFCTRL_HPIOB_M_I_O)
                                                      0.000     0.270 r  rst_IBUF_inst/IBUFCTRL_INST/O
                         net (fo=617, routed)         0.476     0.746    rst_IBUF
    SLICE_X117Y210       FDRE                                         r  hold_ctr_reg[13]/R
  -------------------------------------------------------------------    -------------------

                         (clock clk rise edge)        0.000     0.000 r  
    BJ26                                              0.000     0.000 r  clk (IN)
                         net (fo=0)                   0.000     0.000    clk_IBUF_inst/I
    BJ26                 INBUF (Prop_INBUF_HPIOB_M_PAD_O)
                                                      0.446     0.446 r  clk_IBUF_inst/INBUF_INST/O
                         net (fo=1, routed)           0.000     0.446    clk_IBUF_inst/OUT
    BJ26                 IBUFCTRL (Prop_IBUFCTRL_HPIOB_M_I_O)
                                                      0.000     0.446 r  clk_IBUF_inst/IBUFCTRL_INST/O
                         net (fo=1, routed)           0.181     0.627    clk_IBUF
    BUFGCE_X0Y72         BUFGCE (Prop_BUFCE_BUFGCE_I_O)
                                                      0.019     0.646 r  clk_IBUF_BUFG_inst/O
    X4Y3 (CLOCK_ROOT)    net (fo=617, routed)         0.469     1.115    clk_IBUF_BUFG
    SLICE_X117Y210       FDRE                                         r  hold_ctr_reg[13]/C

Slack:                    inf
  Source:                 rst
                            (input port)
  Destination:            hold_ctr_reg[14]/R
                            (rising edge-triggered cell FDRE clocked by clk  {rise@0.000ns fall@5.000ns period=10.000ns})
  Path Group:             (none)
  Path Type:              Hold (Min at Fast Process Corner)
  Data Path Delay:        0.746ns  (logic 0.270ns (36.221%)  route 0.476ns (63.779%))
  Logic Levels:           2  (IBUFCTRL=1 INBUF=1)
  Clock Path Skew:        1.119ns (DCD - SCD - CPR)
    Destination Clock Delay (DCD):    1.119ns
    Source Clock Delay      (SCD):    0.000ns
    Clock Pessimism Removal (CPR):    -0.000ns
  Clock Net Delay (Destination): 0.473ns (routing 0.001ns, distribution 0.472ns)

    Location             Delay type                Incr(ns)  Path(ns)    Netlist Resource(s)
  -------------------------------------------------------------------    -------------------
    BL28                                              0.000     0.000 r  rst (IN)
                         net (fo=0)                   0.000     0.000    rst_IBUF_inst/I
    BL28                 INBUF (Prop_INBUF_HPIOB_M_PAD_O)
                                                      0.270     0.270 r  rst_IBUF_inst/INBUF_INST/O
                         net (fo=1, routed)           0.000     0.270    rst_IBUF_inst/OUT
    BL28                 IBUFCTRL (Prop_IBUFCTRL_HPIOB_M_I_O)
                                                      0.000     0.270 r  rst_IBUF_inst/IBUFCTRL_INST/O
                         net (fo=617, routed)         0.476     0.746    rst_IBUF
    SLICE_X117Y210       FDRE                                         r  hold_ctr_reg[14]/R
  -------------------------------------------------------------------    -------------------

                         (clock clk rise edge)        0.000     0.000 r  
    BJ26                                              0.000     0.000 r  clk (IN)
                         net (fo=0)                   0.000     0.000    clk_IBUF_inst/I
    BJ26                 INBUF (Prop_INBUF_HPIOB_M_PAD_O)
                                                      0.446     0.446 r  clk_IBUF_inst/INBUF_INST/O
                         net (fo=1, routed)           0.000     0.446    clk_IBUF_inst/OUT
    BJ26                 IBUFCTRL (Prop_IBUFCTRL_HPIOB_M_I_O)
                                                      0.000     0.446 r  clk_IBUF_inst/IBUFCTRL_INST/O
                         net (fo=1, routed)           0.181     0.627    clk_IBUF
    BUFGCE_X0Y72         BUFGCE (Prop_BUFCE_BUFGCE_I_O)
                                                      0.019     0.646 r  clk_IBUF_BUFG_inst/O
    X4Y3 (CLOCK_ROOT)    net (fo=617, routed)         0.473     1.119    clk_IBUF_BUFG
    SLICE_X117Y210       FDRE                                         r  hold_ctr_reg[14]/C

Slack:                    inf
  Source:                 rst
                            (input port)
  Destination:            dut/x2_reg[11]/R
                            (rising edge-triggered cell FDRE clocked by clk  {rise@0.000ns fall@5.000ns period=10.000ns})
  Path Group:             (none)
  Path Type:              Hold (Min at Fast Process Corner)
  Data Path Delay:        0.873ns  (logic 0.270ns (30.965%)  route 0.603ns (69.035%))
  Logic Levels:           2  (IBUFCTRL=1 INBUF=1)
  Clock Path Skew:        1.159ns (DCD - SCD - CPR)
    Destination Clock Delay (DCD):    1.159ns
    Source Clock Delay      (SCD):    0.000ns
    Clock Pessimism Removal (CPR):    -0.000ns
  Clock Net Delay (Destination): 0.513ns (routing 0.001ns, distribution 0.512ns)

    Location             Delay type                Incr(ns)  Path(ns)    Netlist Resource(s)
  -------------------------------------------------------------------    -------------------
    BL28                                              0.000     0.000 r  rst (IN)
                         net (fo=0)                   0.000     0.000    rst_IBUF_inst/I
    BL28                 INBUF (Prop_INBUF_HPIOB_M_PAD_O)
                                                      0.270     0.270 r  rst_IBUF_inst/INBUF_INST/O
                         net (fo=1, routed)           0.000     0.270    rst_IBUF_inst/OUT
    BL28                 IBUFCTRL (Prop_IBUFCTRL_HPIOB_M_I_O)
                                                      0.000     0.270 r  rst_IBUF_inst/IBUFCTRL_INST/O
                         net (fo=617, routed)         0.603     0.873    dut/rst_IBUF
    SLICE_X128Y188       FDRE                                         r  dut/x2_reg[11]/R
  -------------------------------------------------------------------    -------------------

                         (clock clk rise edge)        0.000     0.000 r  
    BJ26                                              0.000     0.000 r  clk (IN)
                         net (fo=0)                   0.000     0.000    clk_IBUF_inst/I
    BJ26                 INBUF (Prop_INBUF_HPIOB_M_PAD_O)
                                                      0.446     0.446 r  clk_IBUF_inst/INBUF_INST/O
                         net (fo=1, routed)           0.000     0.446    clk_IBUF_inst/OUT
    BJ26                 IBUFCTRL (Prop_IBUFCTRL_HPIOB_M_I_O)
                                                      0.000     0.446 r  clk_IBUF_inst/IBUFCTRL_INST/O
                         net (fo=1, routed)           0.181     0.627    clk_IBUF
    BUFGCE_X0Y72         BUFGCE (Prop_BUFCE_BUFGCE_I_O)
                                                      0.019     0.646 r  clk_IBUF_BUFG_inst/O
    X4Y3 (CLOCK_ROOT)    net (fo=617, routed)         0.513     1.159    dut/clk_IBUF_BUFG
    SLICE_X128Y188       FDRE                                         r  dut/x2_reg[11]/C

Slack:                    inf
  Source:                 rst
                            (input port)
  Destination:            dut/x2_reg[16]/R
                            (rising edge-triggered cell FDRE clocked by clk  {rise@0.000ns fall@5.000ns period=10.000ns})
  Path Group:             (none)
  Path Type:              Hold (Min at Fast Process Corner)
  Data Path Delay:        0.873ns  (logic 0.270ns (30.965%)  route 0.603ns (69.035%))
  Logic Levels:           2  (IBUFCTRL=1 INBUF=1)
  Clock Path Skew:        1.159ns (DCD - SCD - CPR)
    Destination Clock Delay (DCD):    1.159ns
    Source Clock Delay      (SCD):    0.000ns
    Clock Pessimism Removal (CPR):    -0.000ns
  Clock Net Delay (Destination): 0.513ns (routing 0.001ns, distribution 0.512ns)

    Location             Delay type                Incr(ns)  Path(ns)    Netlist Resource(s)
  -------------------------------------------------------------------    -------------------
    BL28                                              0.000     0.000 r  rst (IN)
                         net (fo=0)                   0.000     0.000    rst_IBUF_inst/I
    BL28                 INBUF (Prop_INBUF_HPIOB_M_PAD_O)
                                                      0.270     0.270 r  rst_IBUF_inst/INBUF_INST/O
                         net (fo=1, routed)           0.000     0.270    rst_IBUF_inst/OUT
    BL28                 IBUFCTRL (Prop_IBUFCTRL_HPIOB_M_I_O)
                                                      0.000     0.270 r  rst_IBUF_inst/IBUFCTRL_INST/O
                         net (fo=617, routed)         0.603     0.873    dut/rst_IBUF
    SLICE_X128Y188       FDRE                                         r  dut/x2_reg[16]/R
  -------------------------------------------------------------------    -------------------

                         (clock clk rise edge)        0.000     0.000 r  
    BJ26                                              0.000     0.000 r  clk (IN)
                         net (fo=0)                   0.000     0.000    clk_IBUF_inst/I
    BJ26                 INBUF (Prop_INBUF_HPIOB_M_PAD_O)
                                                      0.446     0.446 r  clk_IBUF_inst/INBUF_INST/O
                         net (fo=1, routed)           0.000     0.446    clk_IBUF_inst/OUT
    BJ26                 IBUFCTRL (Prop_IBUFCTRL_HPIOB_M_I_O)
                                                      0.000     0.446 r  clk_IBUF_inst/IBUFCTRL_INST/O
                         net (fo=1, routed)           0.181     0.627    clk_IBUF
    BUFGCE_X0Y72         BUFGCE (Prop_BUFCE_BUFGCE_I_O)
                                                      0.019     0.646 r  clk_IBUF_BUFG_inst/O
    X4Y3 (CLOCK_ROOT)    net (fo=617, routed)         0.513     1.159    dut/clk_IBUF_BUFG
    SLICE_X128Y188       FDRE                                         r  dut/x2_reg[16]/C

Slack:                    inf
  Source:                 rst
                            (input port)
  Destination:            dut/x2_reg[13]/R
                            (rising edge-triggered cell FDRE clocked by clk  {rise@0.000ns fall@5.000ns period=10.000ns})
  Path Group:             (none)
  Path Type:              Hold (Min at Fast Process Corner)
  Data Path Delay:        0.899ns  (logic 0.270ns (30.063%)  route 0.629ns (69.937%))
  Logic Levels:           2  (IBUFCTRL=1 INBUF=1)
  Clock Path Skew:        1.163ns (DCD - SCD - CPR)
    Destination Clock Delay (DCD):    1.163ns
    Source Clock Delay      (SCD):    0.000ns
    Clock Pessimism Removal (CPR):    -0.000ns
  Clock Net Delay (Destination): 0.517ns (routing 0.001ns, distribution 0.516ns)

    Location             Delay type                Incr(ns)  Path(ns)    Netlist Resource(s)
  -------------------------------------------------------------------    -------------------
    BL28                                              0.000     0.000 r  rst (IN)
                         net (fo=0)                   0.000     0.000    rst_IBUF_inst/I
    BL28                 INBUF (Prop_INBUF_HPIOB_M_PAD_O)
                                                      0.270     0.270 r  rst_IBUF_inst/INBUF_INST/O
                         net (fo=1, routed)           0.000     0.270    rst_IBUF_inst/OUT
    BL28                 IBUFCTRL (Prop_IBUFCTRL_HPIOB_M_I_O)
                                                      0.000     0.270 r  rst_IBUF_inst/IBUFCTRL_INST/O
                         net (fo=617, routed)         0.629     0.899    dut/rst_IBUF
    SLICE_X128Y189       FDRE                                         r  dut/x2_reg[13]/R
  -------------------------------------------------------------------    -------------------

                         (clock clk rise edge)        0.000     0.000 r  
    BJ26                                              0.000     0.000 r  clk (IN)
                         net (fo=0)                   0.000     0.000    clk_IBUF_inst/I
    BJ26                 INBUF (Prop_INBUF_HPIOB_M_PAD_O)
                                                      0.446     0.446 r  clk_IBUF_inst/INBUF_INST/O
                         net (fo=1, routed)           0.000     0.446    clk_IBUF_inst/OUT
    BJ26                 IBUFCTRL (Prop_IBUFCTRL_HPIOB_M_I_O)
                                                      0.000     0.446 r  clk_IBUF_inst/IBUFCTRL_INST/O
                         net (fo=1, routed)           0.181     0.627    clk_IBUF
    BUFGCE_X0Y72         BUFGCE (Prop_BUFCE_BUFGCE_I_O)
                                                      0.019     0.646 r  clk_IBUF_BUFG_inst/O
    X4Y3 (CLOCK_ROOT)    net (fo=617, routed)         0.517     1.163    dut/clk_IBUF_BUFG
    SLICE_X128Y189       FDRE                                         r  dut/x2_reg[13]/C





