Copyright 1986-2022 Xilinx, Inc. All Rights Reserved. Copyright 2022-2023 Advanced Micro Devices, Inc. All Rights Reserved.
------------------------------------------------------------------------------------------------------------------------------------------------------------------------------------------------------------------------------------------
| Tool Version : Vivado v.2023.2 (win64) Build 4029153 Fri Oct 13 20:14:34 MDT 2023
| Date         : Wed Apr 29 19:09:25 2026
| Host         : Seid-HP running 64-bit major release  (build 9200)
| Command      : report_timing_summary -max_paths 10 -report_unconstrained -file ascon_power_top_timing_summary_routed.rpt -pb ascon_power_top_timing_summary_routed.pb -rpx ascon_power_top_timing_summary_routed.rpx -warn_on_violation
| Design       : ascon_power_top
| Device       : 7a200t-fbg484
| Speed File   : -1  PRODUCTION 1.23 2018-06-13
| Design State : Routed
------------------------------------------------------------------------------------------------------------------------------------------------------------------------------------------------------------------------------------------

Timing Summary Report

------------------------------------------------------------------------------------------------
| Timer Settings
| --------------
------------------------------------------------------------------------------------------------

  Enable Multi Corner Analysis               :  Yes
  Enable Pessimism Removal                   :  Yes
  Pessimism Removal Resolution               :  Nearest Common Node
  Enable Input Delay Default Clock           :  No
  Enable Preset / Clear Arcs                 :  No
  Disable Flight Delays                      :  No
  Ignore I/O Paths                           :  No
  Timing Early Launch at Borrowing Latches   :  No
  Borrow Time for Max Delay Exceptions       :  Yes
  Merge Timing Exceptions                    :  Yes
  Inter-SLR Compensation                     :  Conservative

  Corner  Analyze    Analyze    
  Name    Max Paths  Min Paths  
  ------  ---------  ---------  
  Slow    Yes        Yes        
  Fast    Yes        Yes        


------------------------------------------------------------------------------------------------
| Report Methodology
| ------------------
------------------------------------------------------------------------------------------------

Rule       Severity  Description                    Violations  
---------  --------  -----------------------------  ----------  
TIMING-18  Warning   Missing input or output delay  162         

Note: This report is based on the most recent report_methodology run and may not be up-to-date. Run report_methodology on the current design for the latest report.



check_timing report

Table of Contents
-----------------
1. checking no_clock (0)
2. checking constant_clock (0)
3. checking pulse_width_clock (0)
4. checking unconstrained_internal_endpoints (0)
5. checking no_input_delay (1)
6. checking no_output_delay (161)
7. checking multiple_clock (0)
8. checking generated_clocks (0)
9. checking loops (0)
10. checking partial_input_delay (0)
11. checking partial_output_delay (0)
12. checking latch_loops (0)

1. checking no_clock (0)
------------------------
 There are 0 register/latch pins with no clock.


2. checking constant_clock (0)
------------------------------
 There are 0 register/latch pins with constant_clock.


3. checking pulse_width_clock (0)
---------------------------------
 There are 0 register/latch pins which need pulse_width check


4. checking unconstrained_internal_endpoints (0)
------------------------------------------------
 There are 0 pins that are not constrained for maximum delay.

 There are 0 pins that are not constrained for maximum delay due to constant clock.


5. checking no_input_delay (1)
------------------------------
 There is 1 input port with no input delay specified. (HIGH)

 There are 0 input ports with no input delay but user has a false path constraint.


6. checking no_output_delay (161)
---------------------------------
 There are 161 ports with no output delay specified. (HIGH)

 There are 0 ports with no output delay but user has a false path constraint

 There are 0 ports with no output delay but with a timing clock defined on it or propagating through it


7. checking multiple_clock (0)
------------------------------
 There are 0 register/latch pins with multiple clocks.


8. checking generated_clocks (0)
--------------------------------
 There are 0 generated clocks that are not connected to a clock source.


9. checking loops (0)
---------------------
 There are 0 combinational loops in the design.


10. checking partial_input_delay (0)
------------------------------------
 There are 0 input ports with partial input delay specified.


11. checking partial_output_delay (0)
-------------------------------------
 There are 0 ports with partial output delay specified.


12. checking latch_loops (0)
----------------------------
 There are 0 combinational latch loops in the design through latch input



------------------------------------------------------------------------------------------------
| Design Timing Summary
| ---------------------
------------------------------------------------------------------------------------------------

    WNS(ns)      TNS(ns)  TNS Failing Endpoints  TNS Total Endpoints      WHS(ns)      THS(ns)  THS Failing Endpoints  THS Total Endpoints     WPWS(ns)     TPWS(ns)  TPWS Failing Endpoints  TPWS Total Endpoints  
    -------      -------  ---------------------  -------------------      -------      -------  ---------------------  -------------------     --------     --------  ----------------------  --------------------  
      1.593        0.000                      0                 1197        0.109        0.000                      0                 1197        4.500        0.000                       0                   619  


All user specified timing constraints are met.


------------------------------------------------------------------------------------------------
| Clock Summary
| -------------
------------------------------------------------------------------------------------------------

Clock  Waveform(ns)       Period(ns)      Frequency(MHz)
-----  ------------       ----------      --------------
clk    {0.000 5.000}      10.000          100.000         


------------------------------------------------------------------------------------------------
| Intra Clock Table
| -----------------
------------------------------------------------------------------------------------------------

Clock             WNS(ns)      TNS(ns)  TNS Failing Endpoints  TNS Total Endpoints      WHS(ns)      THS(ns)  THS Failing Endpoints  THS Total Endpoints     WPWS(ns)     TPWS(ns)  TPWS Failing Endpoints  TPWS Total Endpoints  
-----             -------      -------  ---------------------  -------------------      -------      -------  ---------------------  -------------------     --------     --------  ----------------------  --------------------  
clk                 1.593        0.000                      0                 1197        0.109        0.000                      0                 1197        4.500        0.000                       0                   619  


------------------------------------------------------------------------------------------------
| Inter Clock Table
| -----------------
------------------------------------------------------------------------------------------------

From Clock    To Clock          WNS(ns)      TNS(ns)  TNS Failing Endpoints  TNS Total Endpoints      WHS(ns)      THS(ns)  THS Failing Endpoints  THS Total Endpoints  
----------    --------          -------      -------  ---------------------  -------------------      -------      -------  ---------------------  -------------------  


------------------------------------------------------------------------------------------------
| Other Path Groups Table
| -----------------------
------------------------------------------------------------------------------------------------

Path Group    From Clock    To Clock          WNS(ns)      TNS(ns)  TNS Failing Endpoints  TNS Total Endpoints      WHS(ns)      THS(ns)  THS Failing Endpoints  THS Total Endpoints  
----------    ----------    --------          -------      -------  ---------------------  -------------------      -------      -------  ---------------------  -------------------  


------------------------------------------------------------------------------------------------
| User Ignored Path Table
| -----------------------
------------------------------------------------------------------------------------------------

Path Group    From Clock    To Clock    
----------    ----------    --------    


------------------------------------------------------------------------------------------------
| Unconstrained Path Table
| ------------------------
------------------------------------------------------------------------------------------------

Path Group    From Clock    To Clock    
----------    ----------    --------    
(none)        clk                         
(none)                      clk           


------------------------------------------------------------------------------------------------
| Timing Details
| --------------
------------------------------------------------------------------------------------------------


---------------------------------------------------------------------------------------------------
From Clock:  clk
  To Clock:  clk

Setup :            0  Failing Endpoints,  Worst Slack        1.593ns,  Total Violation        0.000ns
Hold  :            0  Failing Endpoints,  Worst Slack        0.109ns,  Total Violation        0.000ns
PW    :            0  Failing Endpoints,  Worst Slack        4.500ns,  Total Violation        0.000ns
---------------------------------------------------------------------------------------------------


Max Delay Paths
--------------------------------------------------------------------------------------
Slack (MET) :             1.593ns  (required time - arrival time)
  Source:                 dut/k0_reg[58]/C
                            (rising edge-triggered cell FDRE clocked by clk  {rise@0.000ns fall@5.000ns period=10.000ns})
  Destination:            dut/state_reg[3]/D
                            (rising edge-triggered cell FDRE clocked by clk  {rise@0.000ns fall@5.000ns period=10.000ns})
  Path Group:             clk
  Path Type:              Setup (Max at Slow Process Corner)
  Requirement:            10.000ns  (clk rise@10.000ns - clk rise@0.000ns)
  Data Path Delay:        8.280ns  (logic 3.970ns (47.950%)  route 4.310ns (52.050%))
  Logic Levels:           12  (CARRY4=7 LUT2=2 LUT3=1 LUT6=2)
  Clock Path Skew:        -0.025ns (DCD - SCD + CPR)
    Destination Clock Delay (DCD):    5.114ns = ( 15.114 - 10.000 ) 
    Source Clock Delay      (SCD):    5.503ns
    Clock Pessimism Removal (CPR):    0.364ns
  Clock Uncertainty:      0.035ns  ((TSJ^2 + TIJ^2)^1/2 + DJ) / 2 + PE
    Total System Jitter     (TSJ):    0.071ns
    Total Input Jitter      (TIJ):    0.000ns
    Discrete Jitter          (DJ):    0.000ns
    Phase Error              (PE):    0.000ns

    Location             Delay type                Incr(ns)  Path(ns)    Netlist Resource(s)
  -------------------------------------------------------------------    -------------------
                         (clock clk rise edge)        0.000     0.000 r  
    Y11                                               0.000     0.000 r  clk (IN)
                         net (fo=0)                   0.000     0.000    clk
    Y11                  IBUF (Prop_ibuf_I_O)         1.006     1.006 r  clk_IBUF_inst/O
                         net (fo=1, routed)           2.457     3.463    clk_IBUF
    BUFGCTRL_X0Y0        BUFG (Prop_bufg_I_O)         0.096     3.559 r  clk_IBUF_BUFG_inst/O
                         net (fo=618, routed)         1.944     5.503    dut/clk_IBUF_BUFG
    SLICE_X13Y91         FDRE                                         r  dut/k0_reg[58]/C
  -------------------------------------------------------------------    -------------------
    SLICE_X13Y91         FDRE (Prop_fdre_C_Q)         0.456     5.959 r  dut/k0_reg[58]/Q
                         net (fo=97, routed)          0.746     6.705    dut/k0[58]
    SLICE_X14Y94         CARRY4 (Prop_carry4_S[3]_O[3])
                                                      0.379     7.084 r  dut/ad_block_idx_reg[7]_i_25/O[3]
                         net (fo=2, routed)           0.430     7.514    dut/total_ad_blocks_w1[4]
    SLICE_X14Y95         LUT2 (Prop_lut2_I1_O)        0.300     7.814 r  dut/ad_block_idx[7]_i_39/O
                         net (fo=2, routed)           0.501     8.315    dut/total_ad_blocks_w[0]
    SLICE_X17Y97         CARRY4 (Prop_carry4_CYINIT_CO[3])
                                                      0.804     9.119 r  dut/ad_block_idx_reg[7]_i_30/CO[3]
                         net (fo=1, routed)           0.000     9.119    dut/ad_block_idx_reg[7]_i_30_n_0
    SLICE_X17Y98         CARRY4 (Prop_carry4_CI_CO[3])
                                                      0.114     9.233 r  dut/ad_block_idx_reg[7]_i_15/CO[3]
                         net (fo=1, routed)           0.000     9.233    dut/ad_block_idx_reg[7]_i_15_n_0
    SLICE_X17Y99         CARRY4 (Prop_carry4_CI_O[1])
                                                      0.334     9.567 f  dut/ad_block_idx_reg[7]_i_10/O[1]
                         net (fo=1, routed)           0.671    10.238    dut/is_last_ad_block_w1[10]
    SLICE_X16Y98         LUT3 (Prop_lut3_I0_O)        0.303    10.541 r  dut/ad_block_idx[7]_i_26/O
                         net (fo=1, routed)           0.000    10.541    dut/ad_block_idx[7]_i_26_n_0
    SLICE_X16Y98         CARRY4 (Prop_carry4_S[3]_CO[3])
                                                      0.376    10.917 r  dut/ad_block_idx_reg[7]_i_14/CO[3]
                         net (fo=1, routed)           0.000    10.917    dut/ad_block_idx_reg[7]_i_14_n_0
    SLICE_X16Y99         CARRY4 (Prop_carry4_CI_CO[3])
                                                      0.117    11.034 r  dut/ad_block_idx_reg[7]_i_9/CO[3]
                         net (fo=1, routed)           0.001    11.034    dut/ad_block_idx_reg[7]_i_9_n_0
    SLICE_X16Y100        CARRY4 (Prop_carry4_CI_CO[2])
                                                      0.229    11.263 r  dut/ad_block_idx_reg[7]_i_5/CO[2]
                         net (fo=4, routed)           0.715    11.978    dut/is_last_ad_block_w0
    SLICE_X14Y92         LUT2 (Prop_lut2_I1_O)        0.310    12.288 f  dut/state[3]_i_9/O
                         net (fo=2, routed)           0.294    12.583    dut/state[3]_i_9_n_0
    SLICE_X14Y92         LUT6 (Prop_lut6_I5_O)        0.124    12.707 r  dut/state[3]_i_7/O
                         net (fo=2, routed)           0.573    13.280    dut/state[3]_i_7_n_0
    SLICE_X13Y92         LUT6 (Prop_lut6_I1_O)        0.124    13.404 r  dut/state[3]_i_2/O
                         net (fo=1, routed)           0.379    13.783    dut/state[3]_i_2_n_0
    SLICE_X13Y92         FDRE                                         r  dut/state_reg[3]/D
  -------------------------------------------------------------------    -------------------

                         (clock clk rise edge)       10.000    10.000 r  
    Y11                                               0.000    10.000 r  clk (IN)
                         net (fo=0)                   0.000    10.000    clk
    Y11                  IBUF (Prop_ibuf_I_O)         0.872    10.872 r  clk_IBUF_inst/O
                         net (fo=1, routed)           2.334    13.206    clk_IBUF
    BUFGCTRL_X0Y0        BUFG (Prop_bufg_I_O)         0.091    13.297 r  clk_IBUF_BUFG_inst/O
                         net (fo=618, routed)         1.817    15.114    dut/clk_IBUF_BUFG
    SLICE_X13Y92         FDRE                                         r  dut/state_reg[3]/C
                         clock pessimism              0.364    15.478    
                         clock uncertainty           -0.035    15.443    
    SLICE_X13Y92         FDRE (Setup_fdre_C_D)       -0.067    15.376    dut/state_reg[3]
  -------------------------------------------------------------------
                         required time                         15.376    
                         arrival time                         -13.783    
  -------------------------------------------------------------------
                         slack                                  1.593    

Slack (MET) :             1.861ns  (required time - arrival time)
  Source:                 dut/k0_reg[58]/C
                            (rising edge-triggered cell FDRE clocked by clk  {rise@0.000ns fall@5.000ns period=10.000ns})
  Destination:            dut/state_reg[3]_rep/D
                            (rising edge-triggered cell FDRE clocked by clk  {rise@0.000ns fall@5.000ns period=10.000ns})
  Path Group:             clk
  Path Type:              Setup (Max at Slow Process Corner)
  Requirement:            10.000ns  (clk rise@10.000ns - clk rise@0.000ns)
  Data Path Delay:        7.998ns  (logic 3.970ns (49.638%)  route 4.028ns (50.362%))
  Logic Levels:           12  (CARRY4=7 LUT2=2 LUT3=1 LUT6=2)
  Clock Path Skew:        -0.025ns (DCD - SCD + CPR)
    Destination Clock Delay (DCD):    5.114ns = ( 15.114 - 10.000 ) 
    Source Clock Delay      (SCD):    5.503ns
    Clock Pessimism Removal (CPR):    0.364ns
  Clock Uncertainty:      0.035ns  ((TSJ^2 + TIJ^2)^1/2 + DJ) / 2 + PE
    Total System Jitter     (TSJ):    0.071ns
    Total Input Jitter      (TIJ):    0.000ns
    Discrete Jitter          (DJ):    0.000ns
    Phase Error              (PE):    0.000ns

    Location             Delay type                Incr(ns)  Path(ns)    Netlist Resource(s)
  -------------------------------------------------------------------    -------------------
                         (clock clk rise edge)        0.000     0.000 r  
    Y11                                               0.000     0.000 r  clk (IN)
                         net (fo=0)                   0.000     0.000    clk
    Y11                  IBUF (Prop_ibuf_I_O)         1.006     1.006 r  clk_IBUF_inst/O
                         net (fo=1, routed)           2.457     3.463    clk_IBUF
    BUFGCTRL_X0Y0        BUFG (Prop_bufg_I_O)         0.096     3.559 r  clk_IBUF_BUFG_inst/O
                         net (fo=618, routed)         1.944     5.503    dut/clk_IBUF_BUFG
    SLICE_X13Y91         FDRE                                         r  dut/k0_reg[58]/C
  -------------------------------------------------------------------    -------------------
    SLICE_X13Y91         FDRE (Prop_fdre_C_Q)         0.456     5.959 r  dut/k0_reg[58]/Q
                         net (fo=97, routed)          0.746     6.705    dut/k0[58]
    SLICE_X14Y94         CARRY4 (Prop_carry4_S[3]_O[3])
                                                      0.379     7.084 r  dut/ad_block_idx_reg[7]_i_25/O[3]
                         net (fo=2, routed)           0.430     7.514    dut/total_ad_blocks_w1[4]
    SLICE_X14Y95         LUT2 (Prop_lut2_I1_O)        0.300     7.814 r  dut/ad_block_idx[7]_i_39/O
                         net (fo=2, routed)           0.501     8.315    dut/total_ad_blocks_w[0]
    SLICE_X17Y97         CARRY4 (Prop_carry4_CYINIT_CO[3])
                                                      0.804     9.119 r  dut/ad_block_idx_reg[7]_i_30/CO[3]
                         net (fo=1, routed)           0.000     9.119    dut/ad_block_idx_reg[7]_i_30_n_0
    SLICE_X17Y98         CARRY4 (Prop_carry4_CI_CO[3])
                                                      0.114     9.233 r  dut/ad_block_idx_reg[7]_i_15/CO[3]
                         net (fo=1, routed)           0.000     9.233    dut/ad_block_idx_reg[7]_i_15_n_0
    SLICE_X17Y99         CARRY4 (Prop_carry4_CI_O[1])
                                                      0.334     9.567 f  dut/ad_block_idx_reg[7]_i_10/O[1]
                         net (fo=1, routed)           0.671    10.238    dut/is_last_ad_block_w1[10]
    SLICE_X16Y98         LUT3 (Prop_lut3_I0_O)        0.303    10.541 r  dut/ad_block_idx[7]_i_26/O
                         net (fo=1, routed)           0.000    10.541    dut/ad_block_idx[7]_i_26_n_0
    SLICE_X16Y98         CARRY4 (Prop_carry4_S[3]_CO[3])
                                                      0.376    10.917 r  dut/ad_block_idx_reg[7]_i_14/CO[3]
                         net (fo=1, routed)           0.000    10.917    dut/ad_block_idx_reg[7]_i_14_n_0
    SLICE_X16Y99         CARRY4 (Prop_carry4_CI_CO[3])
                                                      0.117    11.034 r  dut/ad_block_idx_reg[7]_i_9/CO[3]
                         net (fo=1, routed)           0.001    11.034    dut/ad_block_idx_reg[7]_i_9_n_0
    SLICE_X16Y100        CARRY4 (Prop_carry4_CI_CO[2])
                                                      0.229    11.263 r  dut/ad_block_idx_reg[7]_i_5/CO[2]
                         net (fo=4, routed)           0.715    11.978    dut/is_last_ad_block_w0
    SLICE_X14Y92         LUT2 (Prop_lut2_I1_O)        0.310    12.288 f  dut/state[3]_i_9/O
                         net (fo=2, routed)           0.294    12.583    dut/state[3]_i_9_n_0
    SLICE_X14Y92         LUT6 (Prop_lut6_I5_O)        0.124    12.707 r  dut/state[3]_i_7/O
                         net (fo=2, routed)           0.291    12.998    dut/state[3]_i_7_n_0
    SLICE_X13Y92         LUT6 (Prop_lut6_I1_O)        0.124    13.122 r  dut/state[3]_rep_i_1/O
                         net (fo=1, routed)           0.379    13.501    dut/state[3]_rep_i_1_n_0
    SLICE_X13Y92         FDRE                                         r  dut/state_reg[3]_rep/D
  -------------------------------------------------------------------    -------------------

                         (clock clk rise edge)       10.000    10.000 r  
    Y11                                               0.000    10.000 r  clk (IN)
                         net (fo=0)                   0.000    10.000    clk
    Y11                  IBUF (Prop_ibuf_I_O)         0.872    10.872 r  clk_IBUF_inst/O
                         net (fo=1, routed)           2.334    13.206    clk_IBUF
    BUFGCTRL_X0Y0        BUFG (Prop_bufg_I_O)         0.091    13.297 r  clk_IBUF_BUFG_inst/O
                         net (fo=618, routed)         1.817    15.114    dut/clk_IBUF_BUFG
    SLICE_X13Y92         FDRE                                         r  dut/state_reg[3]_rep/C
                         clock pessimism              0.364    15.478    
                         clock uncertainty           -0.035    15.443    
    SLICE_X13Y92         FDRE (Setup_fdre_C_D)       -0.081    15.362    dut/state_reg[3]_rep
  -------------------------------------------------------------------
                         required time                         15.362    
                         arrival time                         -13.501    
  -------------------------------------------------------------------
                         slack                                  1.861    

Slack (MET) :             1.862ns  (required time - arrival time)
  Source:                 dut/k0_reg[58]/C
                            (rising edge-triggered cell FDRE clocked by clk  {rise@0.000ns fall@5.000ns period=10.000ns})
  Destination:            dut/rc_reg[1]/CE
                            (rising edge-triggered cell FDRE clocked by clk  {rise@0.000ns fall@5.000ns period=10.000ns})
  Path Group:             clk
  Path Type:              Setup (Max at Slow Process Corner)
  Requirement:            10.000ns  (clk rise@10.000ns - clk rise@0.000ns)
  Data Path Delay:        7.890ns  (logic 3.450ns (43.724%)  route 4.440ns (56.276%))
  Logic Levels:           11  (CARRY4=7 LUT2=1 LUT3=2 LUT6=1)
  Clock Path Skew:        -0.043ns (DCD - SCD + CPR)
    Destination Clock Delay (DCD):    5.110ns = ( 15.110 - 10.000 ) 
    Source Clock Delay      (SCD):    5.503ns
    Clock Pessimism Removal (CPR):    0.350ns
  Clock Uncertainty:      0.035ns  ((TSJ^2 + TIJ^2)^1/2 + DJ) / 2 + PE
    Total System Jitter     (TSJ):    0.071ns
    Total Input Jitter      (TIJ):    0.000ns
    Discrete Jitter          (DJ):    0.000ns
    Phase Error              (PE):    0.000ns

    Location             Delay type                Incr(ns)  Path(ns)    Netlist Resource(s)
  -------------------------------------------------------------------    -------------------
                         (clock clk rise edge)        0.000     0.000 r  
    Y11                                               0.000     0.000 r  clk (IN)
                         net (fo=0)                   0.000     0.000    clk
    Y11                  IBUF (Prop_ibuf_I_O)         1.006     1.006 r  clk_IBUF_inst/O
                         net (fo=1, routed)           2.457     3.463    clk_IBUF
    BUFGCTRL_X0Y0        BUFG (Prop_bufg_I_O)         0.096     3.559 r  clk_IBUF_BUFG_inst/O
                         net (fo=618, routed)         1.944     5.503    dut/clk_IBUF_BUFG
    SLICE_X13Y91         FDRE                                         r  dut/k0_reg[58]/C
  -------------------------------------------------------------------    -------------------
    SLICE_X13Y91         FDRE (Prop_fdre_C_Q)         0.456     5.959 r  dut/k0_reg[58]/Q
                         net (fo=97, routed)          0.691     6.650    dut/k0[58]
    SLICE_X9Y93          CARRY4 (Prop_carry4_S[0]_O[0])
                                                      0.371     7.021 f  dut/pt_block_idx_reg[7]_i_26/O[0]
                         net (fo=3, routed)           0.679     7.701    dut/total_pt_blocks_w1[5]
    SLICE_X6Y93          LUT2 (Prop_lut2_I0_O)        0.299     8.000 r  dut/pt_block_idx[7]_i_61/O
                         net (fo=1, routed)           0.000     8.000    dut/pt_block_idx[7]_i_61_n_0
    SLICE_X6Y93          CARRY4 (Prop_carry4_S[0]_CO[3])
                                                      0.513     8.513 r  dut/pt_block_idx_reg[7]_i_44/CO[3]
                         net (fo=1, routed)           0.000     8.513    dut/pt_block_idx_reg[7]_i_44_n_0
    SLICE_X6Y94          CARRY4 (Prop_carry4_CI_CO[3])
                                                      0.117     8.630 r  dut/pt_block_idx_reg[7]_i_29/CO[3]
                         net (fo=1, routed)           0.000     8.630    dut/pt_block_idx_reg[7]_i_29_n_0
    SLICE_X6Y95          CARRY4 (Prop_carry4_CI_O[0])
                                                      0.219     8.849 f  dut/pt_block_idx_reg[7]_i_17/O[0]
                         net (fo=1, routed)           0.578     9.427    dut/is_last_pt_block_w1[9]
    SLICE_X7Y94          LUT3 (Prop_lut3_I2_O)        0.295     9.722 r  dut/pt_block_idx[7]_i_40/O
                         net (fo=1, routed)           0.000     9.722    dut/pt_block_idx[7]_i_40_n_0
    SLICE_X7Y94          CARRY4 (Prop_carry4_S[3]_CO[3])
                                                      0.401    10.123 r  dut/pt_block_idx_reg[7]_i_28/CO[3]
                         net (fo=1, routed)           0.000    10.123    dut/pt_block_idx_reg[7]_i_28_n_0
    SLICE_X7Y95          CARRY4 (Prop_carry4_CI_CO[3])
                                                      0.114    10.237 r  dut/pt_block_idx_reg[7]_i_16/CO[3]
                         net (fo=1, routed)           0.000    10.237    dut/pt_block_idx_reg[7]_i_16_n_0
    SLICE_X7Y96          CARRY4 (Prop_carry4_CI_CO[2])
                                                      0.228    10.465 f  dut/pt_block_idx_reg[7]_i_7/CO[2]
                         net (fo=4, routed)           1.068    11.533    dut/is_last_pt_block_w0
    SLICE_X13Y92         LUT3 (Prop_lut3_I1_O)        0.313    11.846 r  dut/state[2]_i_2/O
                         net (fo=5, routed)           0.754    12.600    dut/state[2]_i_2_n_0
    SLICE_X16Y88         LUT6 (Prop_lut6_I3_O)        0.124    12.724 r  dut/rc[7]_i_1/O
                         net (fo=8, routed)           0.670    13.393    dut/rc
    SLICE_X16Y85         FDRE                                         r  dut/rc_reg[1]/CE
  -------------------------------------------------------------------    -------------------

                         (clock clk rise edge)       10.000    10.000 r  
    Y11                                               0.000    10.000 r  clk (IN)
                         net (fo=0)                   0.000    10.000    clk
    Y11                  IBUF (Prop_ibuf_I_O)         0.872    10.872 r  clk_IBUF_inst/O
                         net (fo=1, routed)           2.334    13.206    clk_IBUF
    BUFGCTRL_X0Y0        BUFG (Prop_bufg_I_O)         0.091    13.297 r  clk_IBUF_BUFG_inst/O
                         net (fo=618, routed)         1.813    15.110    dut/clk_IBUF_BUFG
    SLICE_X16Y85         FDRE                                         r  dut/rc_reg[1]/C
                         clock pessimism              0.350    15.460    
                         clock uncertainty           -0.035    15.425    
    SLICE_X16Y85         FDRE (Setup_fdre_C_CE)      -0.169    15.256    dut/rc_reg[1]
  -------------------------------------------------------------------
                         required time                         15.256    
                         arrival time                         -13.393    
  -------------------------------------------------------------------
                         slack                                  1.862    

Slack (MET) :             1.933ns  (required time - arrival time)
  Source:                 dut/k0_reg[58]/C
                            (rising edge-triggered cell FDRE clocked by clk  {rise@0.000ns fall@5.000ns period=10.000ns})
  Destination:            dut/rc_reg[5]/CE
                            (rising edge-triggered cell FDRE clocked by clk  {rise@0.000ns fall@5.000ns period=10.000ns})
  Path Group:             clk
  Path Type:              Setup (Max at Slow Process Corner)
  Requirement:            10.000ns  (clk rise@10.000ns - clk rise@0.000ns)
  Data Path Delay:        7.786ns  (logic 3.450ns (44.311%)  route 4.336ns (55.689%))
  Logic Levels:           11  (CARRY4=7 LUT2=1 LUT3=2 LUT6=1)
  Clock Path Skew:        -0.041ns (DCD - SCD + CPR)
    Destination Clock Delay (DCD):    5.112ns = ( 15.112 - 10.000 ) 
    Source Clock Delay      (SCD):    5.503ns
    Clock Pessimism Removal (CPR):    0.350ns
  Clock Uncertainty:      0.035ns  ((TSJ^2 + TIJ^2)^1/2 + DJ) / 2 + PE
    Total System Jitter     (TSJ):    0.071ns
    Total Input Jitter      (TIJ):    0.000ns
    Discrete Jitter          (DJ):    0.000ns
    Phase Error              (PE):    0.000ns

    Location             Delay type                Incr(ns)  Path(ns)    Netlist Resource(s)
  -------------------------------------------------------------------    -------------------
                         (clock clk rise edge)        0.000     0.000 r  
    Y11                                               0.000     0.000 r  clk (IN)
                         net (fo=0)                   0.000     0.000    clk
    Y11                  IBUF (Prop_ibuf_I_O)         1.006     1.006 r  clk_IBUF_inst/O
                         net (fo=1, routed)           2.457     3.463    clk_IBUF
    BUFGCTRL_X0Y0        BUFG (Prop_bufg_I_O)         0.096     3.559 r  clk_IBUF_BUFG_inst/O
                         net (fo=618, routed)         1.944     5.503    dut/clk_IBUF_BUFG
    SLICE_X13Y91         FDRE                                         r  dut/k0_reg[58]/C
  -------------------------------------------------------------------    -------------------
    SLICE_X13Y91         FDRE (Prop_fdre_C_Q)         0.456     5.959 r  dut/k0_reg[58]/Q
                         net (fo=97, routed)          0.691     6.650    dut/k0[58]
    SLICE_X9Y93          CARRY4 (Prop_carry4_S[0]_O[0])
                                                      0.371     7.021 f  dut/pt_block_idx_reg[7]_i_26/O[0]
                         net (fo=3, routed)           0.679     7.701    dut/total_pt_blocks_w1[5]
    SLICE_X6Y93          LUT2 (Prop_lut2_I0_O)        0.299     8.000 r  dut/pt_block_idx[7]_i_61/O
                         net (fo=1, routed)           0.000     8.000    dut/pt_block_idx[7]_i_61_n_0
    SLICE_X6Y93          CARRY4 (Prop_carry4_S[0]_CO[3])
                                                      0.513     8.513 r  dut/pt_block_idx_reg[7]_i_44/CO[3]
                         net (fo=1, routed)           0.000     8.513    dut/pt_block_idx_reg[7]_i_44_n_0
    SLICE_X6Y94          CARRY4 (Prop_carry4_CI_CO[3])
                                                      0.117     8.630 r  dut/pt_block_idx_reg[7]_i_29/CO[3]
                         net (fo=1, routed)           0.000     8.630    dut/pt_block_idx_reg[7]_i_29_n_0
    SLICE_X6Y95          CARRY4 (Prop_carry4_CI_O[0])
                                                      0.219     8.849 f  dut/pt_block_idx_reg[7]_i_17/O[0]
                         net (fo=1, routed)           0.578     9.427    dut/is_last_pt_block_w1[9]
    SLICE_X7Y94          LUT3 (Prop_lut3_I2_O)        0.295     9.722 r  dut/pt_block_idx[7]_i_40/O
                         net (fo=1, routed)           0.000     9.722    dut/pt_block_idx[7]_i_40_n_0
    SLICE_X7Y94          CARRY4 (Prop_carry4_S[3]_CO[3])
                                                      0.401    10.123 r  dut/pt_block_idx_reg[7]_i_28/CO[3]
                         net (fo=1, routed)           0.000    10.123    dut/pt_block_idx_reg[7]_i_28_n_0
    SLICE_X7Y95          CARRY4 (Prop_carry4_CI_CO[3])
                                                      0.114    10.237 r  dut/pt_block_idx_reg[7]_i_16/CO[3]
                         net (fo=1, routed)           0.000    10.237    dut/pt_block_idx_reg[7]_i_16_n_0
    SLICE_X7Y96          CARRY4 (Prop_carry4_CI_CO[2])
                                                      0.228    10.465 f  dut/pt_block_idx_reg[7]_i_7/CO[2]
                         net (fo=4, routed)           1.068    11.533    dut/is_last_pt_block_w0
    SLICE_X13Y92         LUT3 (Prop_lut3_I1_O)        0.313    11.846 r  dut/state[2]_i_2/O
                         net (fo=5, routed)           0.754    12.600    dut/state[2]_i_2_n_0
    SLICE_X16Y88         LUT6 (Prop_lut6_I3_O)        0.124    12.724 r  dut/rc[7]_i_1/O
                         net (fo=8, routed)           0.565    13.289    dut/rc
    SLICE_X17Y88         FDRE                                         r  dut/rc_reg[5]/CE
  -------------------------------------------------------------------    -------------------

                         (clock clk rise edge)       10.000    10.000 r  
    Y11                                               0.000    10.000 r  clk (IN)
                         net (fo=0)                   0.000    10.000    clk
    Y11                  IBUF (Prop_ibuf_I_O)         0.872    10.872 r  clk_IBUF_inst/O
                         net (fo=1, routed)           2.334    13.206    clk_IBUF
    BUFGCTRL_X0Y0        BUFG (Prop_bufg_I_O)         0.091    13.297 r  clk_IBUF_BUFG_inst/O
                         net (fo=618, routed)         1.815    15.112    dut/clk_IBUF_BUFG
    SLICE_X17Y88         FDRE                                         r  dut/rc_reg[5]/C
                         clock pessimism              0.350    15.462    
                         clock uncertainty           -0.035    15.427    
    SLICE_X17Y88         FDRE (Setup_fdre_C_CE)      -0.205    15.222    dut/rc_reg[5]
  -------------------------------------------------------------------
                         required time                         15.222    
                         arrival time                         -13.289    
  -------------------------------------------------------------------
                         slack                                  1.933    

Slack (MET) :             1.933ns  (required time - arrival time)
  Source:                 dut/k0_reg[58]/C
                            (rising edge-triggered cell FDRE clocked by clk  {rise@0.000ns fall@5.000ns period=10.000ns})
  Destination:            dut/rc_reg[7]/CE
                            (rising edge-triggered cell FDRE clocked by clk  {rise@0.000ns fall@5.000ns period=10.000ns})
  Path Group:             clk
  Path Type:              Setup (Max at Slow Process Corner)
  Requirement:            10.000ns  (clk rise@10.000ns - clk rise@0.000ns)
  Data Path Delay:        7.786ns  (logic 3.450ns (44.311%)  route 4.336ns (55.689%))
  Logic Levels:           11  (CARRY4=7 LUT2=1 LUT3=2 LUT6=1)
  Clock Path Skew:        -0.041ns (DCD - SCD + CPR)
    Destination Clock Delay (DCD):    5.112ns = ( 15.112 - 10.000 ) 
    Source Clock Delay      (SCD):    5.503ns
    Clock Pessimism Removal (CPR):    0.350ns
  Clock Uncertainty:      0.035ns  ((TSJ^2 + TIJ^2)^1/2 + DJ) / 2 + PE
    Total System Jitter     (TSJ):    0.071ns
    Total Input Jitter      (TIJ):    0.000ns
    Discrete Jitter          (DJ):    0.000ns
    Phase Error              (PE):    0.000ns

    Location             Delay type                Incr(ns)  Path(ns)    Netlist Resource(s)
  -------------------------------------------------------------------    -------------------
                         (clock clk rise edge)        0.000     0.000 r  
    Y11                                               0.000     0.000 r  clk (IN)
                         net (fo=0)                   0.000     0.000    clk
    Y11                  IBUF (Prop_ibuf_I_O)         1.006     1.006 r  clk_IBUF_inst/O
                         net (fo=1, routed)           2.457     3.463    clk_IBUF
    BUFGCTRL_X0Y0        BUFG (Prop_bufg_I_O)         0.096     3.559 r  clk_IBUF_BUFG_inst/O
                         net (fo=618, routed)         1.944     5.503    dut/clk_IBUF_BUFG
    SLICE_X13Y91         FDRE                                         r  dut/k0_reg[58]/C
  -------------------------------------------------------------------    -------------------
    SLICE_X13Y91         FDRE (Prop_fdre_C_Q)         0.456     5.959 r  dut/k0_reg[58]/Q
                         net (fo=97, routed)          0.691     6.650    dut/k0[58]
    SLICE_X9Y93          CARRY4 (Prop_carry4_S[0]_O[0])
                                                      0.371     7.021 f  dut/pt_block_idx_reg[7]_i_26/O[0]
                         net (fo=3, routed)           0.679     7.701    dut/total_pt_blocks_w1[5]
    SLICE_X6Y93          LUT2 (Prop_lut2_I0_O)        0.299     8.000 r  dut/pt_block_idx[7]_i_61/O
                         net (fo=1, routed)           0.000     8.000    dut/pt_block_idx[7]_i_61_n_0
    SLICE_X6Y93          CARRY4 (Prop_carry4_S[0]_CO[3])
                                                      0.513     8.513 r  dut/pt_block_idx_reg[7]_i_44/CO[3]
                         net (fo=1, routed)           0.000     8.513    dut/pt_block_idx_reg[7]_i_44_n_0
    SLICE_X6Y94          CARRY4 (Prop_carry4_CI_CO[3])
                                                      0.117     8.630 r  dut/pt_block_idx_reg[7]_i_29/CO[3]
                         net (fo=1, routed)           0.000     8.630    dut/pt_block_idx_reg[7]_i_29_n_0
    SLICE_X6Y95          CARRY4 (Prop_carry4_CI_O[0])
                                                      0.219     8.849 f  dut/pt_block_idx_reg[7]_i_17/O[0]
                         net (fo=1, routed)           0.578     9.427    dut/is_last_pt_block_w1[9]
    SLICE_X7Y94          LUT3 (Prop_lut3_I2_O)        0.295     9.722 r  dut/pt_block_idx[7]_i_40/O
                         net (fo=1, routed)           0.000     9.722    dut/pt_block_idx[7]_i_40_n_0
    SLICE_X7Y94          CARRY4 (Prop_carry4_S[3]_CO[3])
                                                      0.401    10.123 r  dut/pt_block_idx_reg[7]_i_28/CO[3]
                         net (fo=1, routed)           0.000    10.123    dut/pt_block_idx_reg[7]_i_28_n_0
    SLICE_X7Y95          CARRY4 (Prop_carry4_CI_CO[3])
                                                      0.114    10.237 r  dut/pt_block_idx_reg[7]_i_16/CO[3]
                         net (fo=1, routed)           0.000    10.237    dut/pt_block_idx_reg[7]_i_16_n_0
    SLICE_X7Y96          CARRY4 (Prop_carry4_CI_CO[2])
                                                      0.228    10.465 f  dut/pt_block_idx_reg[7]_i_7/CO[2]
                         net (fo=4, routed)           1.068    11.533    dut/is_last_pt_block_w0
    SLICE_X13Y92         LUT3 (Prop_lut3_I1_O)        0.313    11.846 r  dut/state[2]_i_2/O
                         net (fo=5, routed)           0.754    12.600    dut/state[2]_i_2_n_0
    SLICE_X16Y88         LUT6 (Prop_lut6_I3_O)        0.124    12.724 r  dut/rc[7]_i_1/O
                         net (fo=8, routed)           0.565    13.289    dut/rc
    SLICE_X17Y88         FDRE                                         r  dut/rc_reg[7]/CE
  -------------------------------------------------------------------    -------------------

                         (clock clk rise edge)       10.000    10.000 r  
    Y11                                               0.000    10.000 r  clk (IN)
                         net (fo=0)                   0.000    10.000    clk
    Y11                  IBUF (Prop_ibuf_I_O)         0.872    10.872 r  clk_IBUF_inst/O
                         net (fo=1, routed)           2.334    13.206    clk_IBUF
    BUFGCTRL_X0Y0        BUFG (Prop_bufg_I_O)         0.091    13.297 r  clk_IBUF_BUFG_inst/O
                         net (fo=618, routed)         1.815    15.112    dut/clk_IBUF_BUFG
    SLICE_X17Y88         FDRE                                         r  dut/rc_reg[7]/C
                         clock pessimism              0.350    15.462    
                         clock uncertainty           -0.035    15.427    
    SLICE_X17Y88         FDRE (Setup_fdre_C_CE)      -0.205    15.222    dut/rc_reg[7]
  -------------------------------------------------------------------
                         required time                         15.222    
                         arrival time                         -13.289    
  -------------------------------------------------------------------
                         slack                                  1.933    

Slack (MET) :             1.945ns  (required time - arrival time)
  Source:                 dut/k0_reg[58]/C
                            (rising edge-triggered cell FDRE clocked by clk  {rise@0.000ns fall@5.000ns period=10.000ns})
  Destination:            dut/rc_reg[3]/CE
                            (rising edge-triggered cell FDRE clocked by clk  {rise@0.000ns fall@5.000ns period=10.000ns})
  Path Group:             clk
  Path Type:              Setup (Max at Slow Process Corner)
  Requirement:            10.000ns  (clk rise@10.000ns - clk rise@0.000ns)
  Data Path Delay:        7.772ns  (logic 3.450ns (44.388%)  route 4.322ns (55.612%))
  Logic Levels:           11  (CARRY4=7 LUT2=1 LUT3=2 LUT6=1)
  Clock Path Skew:        -0.042ns (DCD - SCD + CPR)
    Destination Clock Delay (DCD):    5.111ns = ( 15.111 - 10.000 ) 
    Source Clock Delay      (SCD):    5.503ns
    Clock Pessimism Removal (CPR):    0.350ns
  Clock Uncertainty:      0.035ns  ((TSJ^2 + TIJ^2)^1/2 + DJ) / 2 + PE
    Total System Jitter     (TSJ):    0.071ns
    Total Input Jitter      (TIJ):    0.000ns
    Discrete Jitter          (DJ):    0.000ns
    Phase Error              (PE):    0.000ns

    Location             Delay type                Incr(ns)  Path(ns)    Netlist Resource(s)
  -------------------------------------------------------------------    -------------------
                         (clock clk rise edge)        0.000     0.000 r  
    Y11                                               0.000     0.000 r  clk (IN)
                         net (fo=0)                   0.000     0.000    clk
    Y11                  IBUF (Prop_ibuf_I_O)         1.006     1.006 r  clk_IBUF_inst/O
                         net (fo=1, routed)           2.457     3.463    clk_IBUF
    BUFGCTRL_X0Y0        BUFG (Prop_bufg_I_O)         0.096     3.559 r  clk_IBUF_BUFG_inst/O
                         net (fo=618, routed)         1.944     5.503    dut/clk_IBUF_BUFG
    SLICE_X13Y91         FDRE                                         r  dut/k0_reg[58]/C
  -------------------------------------------------------------------    -------------------
    SLICE_X13Y91         FDRE (Prop_fdre_C_Q)         0.456     5.959 r  dut/k0_reg[58]/Q
                         net (fo=97, routed)          0.691     6.650    dut/k0[58]
    SLICE_X9Y93          CARRY4 (Prop_carry4_S[0]_O[0])
                                                      0.371     7.021 f  dut/pt_block_idx_reg[7]_i_26/O[0]
                         net (fo=3, routed)           0.679     7.701    dut/total_pt_blocks_w1[5]
    SLICE_X6Y93          LUT2 (Prop_lut2_I0_O)        0.299     8.000 r  dut/pt_block_idx[7]_i_61/O
                         net (fo=1, routed)           0.000     8.000    dut/pt_block_idx[7]_i_61_n_0
    SLICE_X6Y93          CARRY4 (Prop_carry4_S[0]_CO[3])
                                                      0.513     8.513 r  dut/pt_block_idx_reg[7]_i_44/CO[3]
                         net (fo=1, routed)           0.000     8.513    dut/pt_block_idx_reg[7]_i_44_n_0
    SLICE_X6Y94          CARRY4 (Prop_carry4_CI_CO[3])
                                                      0.117     8.630 r  dut/pt_block_idx_reg[7]_i_29/CO[3]
                         net (fo=1, routed)           0.000     8.630    dut/pt_block_idx_reg[7]_i_29_n_0
    SLICE_X6Y95          CARRY4 (Prop_carry4_CI_O[0])
                                                      0.219     8.849 f  dut/pt_block_idx_reg[7]_i_17/O[0]
                         net (fo=1, routed)           0.578     9.427    dut/is_last_pt_block_w1[9]
    SLICE_X7Y94          LUT3 (Prop_lut3_I2_O)        0.295     9.722 r  dut/pt_block_idx[7]_i_40/O
                         net (fo=1, routed)           0.000     9.722    dut/pt_block_idx[7]_i_40_n_0
    SLICE_X7Y94          CARRY4 (Prop_carry4_S[3]_CO[3])
                                                      0.401    10.123 r  dut/pt_block_idx_reg[7]_i_28/CO[3]
                         net (fo=1, routed)           0.000    10.123    dut/pt_block_idx_reg[7]_i_28_n_0
    SLICE_X7Y95          CARRY4 (Prop_carry4_CI_CO[3])
                                                      0.114    10.237 r  dut/pt_block_idx_reg[7]_i_16/CO[3]
                         net (fo=1, routed)           0.000    10.237    dut/pt_block_idx_reg[7]_i_16_n_0
    SLICE_X7Y96          CARRY4 (Prop_carry4_CI_CO[2])
                                                      0.228    10.465 f  dut/pt_block_idx_reg[7]_i_7/CO[2]
                         net (fo=4, routed)           1.068    11.533    dut/is_last_pt_block_w0
    SLICE_X13Y92         LUT3 (Prop_lut3_I1_O)        0.313    11.846 r  dut/state[2]_i_2/O
                         net (fo=5, routed)           0.754    12.600    dut/state[2]_i_2_n_0
    SLICE_X16Y88         LUT6 (Prop_lut6_I3_O)        0.124    12.724 r  dut/rc[7]_i_1/O
                         net (fo=8, routed)           0.552    13.275    dut/rc
    SLICE_X19Y87         FDRE                                         r  dut/rc_reg[3]/CE
  -------------------------------------------------------------------    -------------------

                         (clock clk rise edge)       10.000    10.000 r  
    Y11                                               0.000    10.000 r  clk (IN)
                         net (fo=0)                   0.000    10.000    clk
    Y11                  IBUF (Prop_ibuf_I_O)         0.872    10.872 r  clk_IBUF_inst/O
                         net (fo=1, routed)           2.334    13.206    clk_IBUF
    BUFGCTRL_X0Y0        BUFG (Prop_bufg_I_O)         0.091    13.297 r  clk_IBUF_BUFG_inst/O
                         net (fo=618, routed)         1.814    15.111    dut/clk_IBUF_BUFG
    SLICE_X19Y87         FDRE                                         r  dut/rc_reg[3]/C
                         clock pessimism              0.350    15.461    
                         clock uncertainty           -0.035    15.426    
    SLICE_X19Y87         FDRE (Setup_fdre_C_CE)      -0.205    15.221    dut/rc_reg[3]
  -------------------------------------------------------------------
                         required time                         15.221    
                         arrival time                         -13.275    
  -------------------------------------------------------------------
                         slack                                  1.945    

Slack (MET) :             1.970ns  (required time - arrival time)
  Source:                 dut/k0_reg[58]/C
                            (rising edge-triggered cell FDRE clocked by clk  {rise@0.000ns fall@5.000ns period=10.000ns})
  Destination:            dut/rc_reg[2]/CE
                            (rising edge-triggered cell FDRE clocked by clk  {rise@0.000ns fall@5.000ns period=10.000ns})
  Path Group:             clk
  Path Type:              Setup (Max at Slow Process Corner)
  Requirement:            10.000ns  (clk rise@10.000ns - clk rise@0.000ns)
  Data Path Delay:        7.747ns  (logic 3.450ns (44.531%)  route 4.297ns (55.469%))
  Logic Levels:           11  (CARRY4=7 LUT2=1 LUT3=2 LUT6=1)
  Clock Path Skew:        -0.042ns (DCD - SCD + CPR)
    Destination Clock Delay (DCD):    5.111ns = ( 15.111 - 10.000 ) 
    Source Clock Delay      (SCD):    5.503ns
    Clock Pessimism Removal (CPR):    0.350ns
  Clock Uncertainty:      0.035ns  ((TSJ^2 + TIJ^2)^1/2 + DJ) / 2 + PE
    Total System Jitter     (TSJ):    0.071ns
    Total Input Jitter      (TIJ):    0.000ns
    Discrete Jitter          (DJ):    0.000ns
    Phase Error              (PE):    0.000ns

    Location             Delay type                Incr(ns)  Path(ns)    Netlist Resource(s)
  -------------------------------------------------------------------    -------------------
                         (clock clk rise edge)        0.000     0.000 r  
    Y11                                               0.000     0.000 r  clk (IN)
                         net (fo=0)                   0.000     0.000    clk
    Y11                  IBUF (Prop_ibuf_I_O)         1.006     1.006 r  clk_IBUF_inst/O
                         net (fo=1, routed)           2.457     3.463    clk_IBUF
    BUFGCTRL_X0Y0        BUFG (Prop_bufg_I_O)         0.096     3.559 r  clk_IBUF_BUFG_inst/O
                         net (fo=618, routed)         1.944     5.503    dut/clk_IBUF_BUFG
    SLICE_X13Y91         FDRE                                         r  dut/k0_reg[58]/C
  -------------------------------------------------------------------    -------------------
    SLICE_X13Y91         FDRE (Prop_fdre_C_Q)         0.456     5.959 r  dut/k0_reg[58]/Q
                         net (fo=97, routed)          0.691     6.650    dut/k0[58]
    SLICE_X9Y93          CARRY4 (Prop_carry4_S[0]_O[0])
                                                      0.371     7.021 f  dut/pt_block_idx_reg[7]_i_26/O[0]
                         net (fo=3, routed)           0.679     7.701    dut/total_pt_blocks_w1[5]
    SLICE_X6Y93          LUT2 (Prop_lut2_I0_O)        0.299     8.000 r  dut/pt_block_idx[7]_i_61/O
                         net (fo=1, routed)           0.000     8.000    dut/pt_block_idx[7]_i_61_n_0
    SLICE_X6Y93          CARRY4 (Prop_carry4_S[0]_CO[3])
                                                      0.513     8.513 r  dut/pt_block_idx_reg[7]_i_44/CO[3]
                         net (fo=1, routed)           0.000     8.513    dut/pt_block_idx_reg[7]_i_44_n_0
    SLICE_X6Y94          CARRY4 (Prop_carry4_CI_CO[3])
                                                      0.117     8.630 r  dut/pt_block_idx_reg[7]_i_29/CO[3]
                         net (fo=1, routed)           0.000     8.630    dut/pt_block_idx_reg[7]_i_29_n_0
    SLICE_X6Y95          CARRY4 (Prop_carry4_CI_O[0])
                                                      0.219     8.849 f  dut/pt_block_idx_reg[7]_i_17/O[0]
                         net (fo=1, routed)           0.578     9.427    dut/is_last_pt_block_w1[9]
    SLICE_X7Y94          LUT3 (Prop_lut3_I2_O)        0.295     9.722 r  dut/pt_block_idx[7]_i_40/O
                         net (fo=1, routed)           0.000     9.722    dut/pt_block_idx[7]_i_40_n_0
    SLICE_X7Y94          CARRY4 (Prop_carry4_S[3]_CO[3])
                                                      0.401    10.123 r  dut/pt_block_idx_reg[7]_i_28/CO[3]
                         net (fo=1, routed)           0.000    10.123    dut/pt_block_idx_reg[7]_i_28_n_0
    SLICE_X7Y95          CARRY4 (Prop_carry4_CI_CO[3])
                                                      0.114    10.237 r  dut/pt_block_idx_reg[7]_i_16/CO[3]
                         net (fo=1, routed)           0.000    10.237    dut/pt_block_idx_reg[7]_i_16_n_0
    SLICE_X7Y96          CARRY4 (Prop_carry4_CI_CO[2])
                                                      0.228    10.465 f  dut/pt_block_idx_reg[7]_i_7/CO[2]
                         net (fo=4, routed)           1.068    11.533    dut/is_last_pt_block_w0
    SLICE_X13Y92         LUT3 (Prop_lut3_I1_O)        0.313    11.846 r  dut/state[2]_i_2/O
                         net (fo=5, routed)           0.754    12.600    dut/state[2]_i_2_n_0
    SLICE_X16Y88         LUT6 (Prop_lut6_I3_O)        0.124    12.724 r  dut/rc[7]_i_1/O
                         net (fo=8, routed)           0.527    13.250    dut/rc
    SLICE_X17Y87         FDRE                                         r  dut/rc_reg[2]/CE
  -------------------------------------------------------------------    -------------------

                         (clock clk rise edge)       10.000    10.000 r  
    Y11                                               0.000    10.000 r  clk (IN)
                         net (fo=0)                   0.000    10.000    clk
    Y11                  IBUF (Prop_ibuf_I_O)         0.872    10.872 r  clk_IBUF_inst/O
                         net (fo=1, routed)           2.334    13.206    clk_IBUF
    BUFGCTRL_X0Y0        BUFG (Prop_bufg_I_O)         0.091    13.297 r  clk_IBUF_BUFG_inst/O
                         net (fo=618, routed)         1.814    15.111    dut/clk_IBUF_BUFG
    SLICE_X17Y87         FDRE                                         r  dut/rc_reg[2]/C
                         clock pessimism              0.350    15.461    
                         clock uncertainty           -0.035    15.426    
    SLICE_X17Y87         FDRE (Setup_fdre_C_CE)      -0.205    15.221    dut/rc_reg[2]
  -------------------------------------------------------------------
                         required time                         15.221    
                         arrival time                         -13.250    
  -------------------------------------------------------------------
                         slack                                  1.970    

Slack (MET) :             1.989ns  (required time - arrival time)
  Source:                 dut/k0_reg[58]/C
                            (rising edge-triggered cell FDRE clocked by clk  {rise@0.000ns fall@5.000ns period=10.000ns})
  Destination:            dut/rc_reg[4]/CE
                            (rising edge-triggered cell FDRE clocked by clk  {rise@0.000ns fall@5.000ns period=10.000ns})
  Path Group:             clk
  Path Type:              Setup (Max at Slow Process Corner)
  Requirement:            10.000ns  (clk rise@10.000ns - clk rise@0.000ns)
  Data Path Delay:        7.730ns  (logic 3.450ns (44.634%)  route 4.280ns (55.366%))
  Logic Levels:           11  (CARRY4=7 LUT2=1 LUT3=2 LUT6=1)
  Clock Path Skew:        -0.041ns (DCD - SCD + CPR)
    Destination Clock Delay (DCD):    5.112ns = ( 15.112 - 10.000 ) 
    Source Clock Delay      (SCD):    5.503ns
    Clock Pessimism Removal (CPR):    0.350ns
  Clock Uncertainty:      0.035ns  ((TSJ^2 + TIJ^2)^1/2 + DJ) / 2 + PE
    Total System Jitter     (TSJ):    0.071ns
    Total Input Jitter      (TIJ):    0.000ns
    Discrete Jitter          (DJ):    0.000ns
    Phase Error              (PE):    0.000ns

    Location             Delay type                Incr(ns)  Path(ns)    Netlist Resource(s)
  -------------------------------------------------------------------    -------------------
                         (clock clk rise edge)        0.000     0.000 r  
    Y11                                               0.000     0.000 r  clk (IN)
                         net (fo=0)                   0.000     0.000    clk
    Y11                  IBUF (Prop_ibuf_I_O)         1.006     1.006 r  clk_IBUF_inst/O
                         net (fo=1, routed)           2.457     3.463    clk_IBUF
    BUFGCTRL_X0Y0        BUFG (Prop_bufg_I_O)         0.096     3.559 r  clk_IBUF_BUFG_inst/O
                         net (fo=618, routed)         1.944     5.503    dut/clk_IBUF_BUFG
    SLICE_X13Y91         FDRE                                         r  dut/k0_reg[58]/C
  -------------------------------------------------------------------    -------------------
    SLICE_X13Y91         FDRE (Prop_fdre_C_Q)         0.456     5.959 r  dut/k0_reg[58]/Q
                         net (fo=97, routed)          0.691     6.650    dut/k0[58]
    SLICE_X9Y93          CARRY4 (Prop_carry4_S[0]_O[0])
                                                      0.371     7.021 f  dut/pt_block_idx_reg[7]_i_26/O[0]
                         net (fo=3, routed)           0.679     7.701    dut/total_pt_blocks_w1[5]
    SLICE_X6Y93          LUT2 (Prop_lut2_I0_O)        0.299     8.000 r  dut/pt_block_idx[7]_i_61/O
                         net (fo=1, routed)           0.000     8.000    dut/pt_block_idx[7]_i_61_n_0
    SLICE_X6Y93          CARRY4 (Prop_carry4_S[0]_CO[3])
                                                      0.513     8.513 r  dut/pt_block_idx_reg[7]_i_44/CO[3]
                         net (fo=1, routed)           0.000     8.513    dut/pt_block_idx_reg[7]_i_44_n_0
    SLICE_X6Y94          CARRY4 (Prop_carry4_CI_CO[3])
                                                      0.117     8.630 r  dut/pt_block_idx_reg[7]_i_29/CO[3]
                         net (fo=1, routed)           0.000     8.630    dut/pt_block_idx_reg[7]_i_29_n_0
    SLICE_X6Y95          CARRY4 (Prop_carry4_CI_O[0])
                                                      0.219     8.849 f  dut/pt_block_idx_reg[7]_i_17/O[0]
                         net (fo=1, routed)           0.578     9.427    dut/is_last_pt_block_w1[9]
    SLICE_X7Y94          LUT3 (Prop_lut3_I2_O)        0.295     9.722 r  dut/pt_block_idx[7]_i_40/O
                         net (fo=1, routed)           0.000     9.722    dut/pt_block_idx[7]_i_40_n_0
    SLICE_X7Y94          CARRY4 (Prop_carry4_S[3]_CO[3])
                                                      0.401    10.123 r  dut/pt_block_idx_reg[7]_i_28/CO[3]
                         net (fo=1, routed)           0.000    10.123    dut/pt_block_idx_reg[7]_i_28_n_0
    SLICE_X7Y95          CARRY4 (Prop_carry4_CI_CO[3])
                                                      0.114    10.237 r  dut/pt_block_idx_reg[7]_i_16/CO[3]
                         net (fo=1, routed)           0.000    10.237    dut/pt_block_idx_reg[7]_i_16_n_0
    SLICE_X7Y96          CARRY4 (Prop_carry4_CI_CO[2])
                                                      0.228    10.465 f  dut/pt_block_idx_reg[7]_i_7/CO[2]
                         net (fo=4, routed)           1.068    11.533    dut/is_last_pt_block_w0
    SLICE_X13Y92         LUT3 (Prop_lut3_I1_O)        0.313    11.846 r  dut/state[2]_i_2/O
                         net (fo=5, routed)           0.754    12.600    dut/state[2]_i_2_n_0
    SLICE_X16Y88         LUT6 (Prop_lut6_I3_O)        0.124    12.724 r  dut/rc[7]_i_1/O
                         net (fo=8, routed)           0.509    13.232    dut/rc
    SLICE_X19Y88         FDRE                                         r  dut/rc_reg[4]/CE
  -------------------------------------------------------------------    -------------------

                         (clock clk rise edge)       10.000    10.000 r  
    Y11                                               0.000    10.000 r  clk (IN)
                         net (fo=0)                   0.000    10.000    clk
    Y11                  IBUF (Prop_ibuf_I_O)         0.872    10.872 r  clk_IBUF_inst/O
                         net (fo=1, routed)           2.334    13.206    clk_IBUF
    BUFGCTRL_X0Y0        BUFG (Prop_bufg_I_O)         0.091    13.297 r  clk_IBUF_BUFG_inst/O
                         net (fo=618, routed)         1.815    15.112    dut/clk_IBUF_BUFG
    SLICE_X19Y88         FDRE                                         r  dut/rc_reg[4]/C
                         clock pessimism              0.350    15.462    
                         clock uncertainty           -0.035    15.427    
    SLICE_X19Y88         FDRE (Setup_fdre_C_CE)      -0.205    15.222    dut/rc_reg[4]
  -------------------------------------------------------------------
                         required time                         15.222    
                         arrival time                         -13.233    
  -------------------------------------------------------------------
                         slack                                  1.989    

Slack (MET) :             2.045ns  (required time - arrival time)
  Source:                 dut/k0_reg[58]/C
                            (rising edge-triggered cell FDRE clocked by clk  {rise@0.000ns fall@5.000ns period=10.000ns})
  Destination:            dut/rc_reg[0]/CE
                            (rising edge-triggered cell FDRE clocked by clk  {rise@0.000ns fall@5.000ns period=10.000ns})
  Path Group:             clk
  Path Type:              Setup (Max at Slow Process Corner)
  Requirement:            10.000ns  (clk rise@10.000ns - clk rise@0.000ns)
  Data Path Delay:        7.709ns  (logic 3.450ns (44.754%)  route 4.259ns (55.246%))
  Logic Levels:           11  (CARRY4=7 LUT2=1 LUT3=2 LUT6=1)
  Clock Path Skew:        -0.042ns (DCD - SCD + CPR)
    Destination Clock Delay (DCD):    5.111ns = ( 15.111 - 10.000 ) 
    Source Clock Delay      (SCD):    5.503ns
    Clock Pessimism Removal (CPR):    0.350ns
  Clock Uncertainty:      0.035ns  ((TSJ^2 + TIJ^2)^1/2 + DJ) / 2 + PE
    Total System Jitter     (TSJ):    0.071ns
    Total Input Jitter      (TIJ):    0.000ns
    Discrete Jitter          (DJ):    0.000ns
    Phase Error              (PE):    0.000ns

    Location             Delay type                Incr(ns)  Path(ns)    Netlist Resource(s)
  -------------------------------------------------------------------    -------------------
                         (clock clk rise edge)        0.000     0.000 r  
    Y11                                               0.000     0.000 r  clk (IN)
                         net (fo=0)                   0.000     0.000    clk
    Y11                  IBUF (Prop_ibuf_I_O)         1.006     1.006 r  clk_IBUF_inst/O
                         net (fo=1, routed)           2.457     3.463    clk_IBUF
    BUFGCTRL_X0Y0        BUFG (Prop_bufg_I_O)         0.096     3.559 r  clk_IBUF_BUFG_inst/O
                         net (fo=618, routed)         1.944     5.503    dut/clk_IBUF_BUFG
    SLICE_X13Y91         FDRE                                         r  dut/k0_reg[58]/C
  -------------------------------------------------------------------    -------------------
    SLICE_X13Y91         FDRE (Prop_fdre_C_Q)         0.456     5.959 r  dut/k0_reg[58]/Q
                         net (fo=97, routed)          0.691     6.650    dut/k0[58]
    SLICE_X9Y93          CARRY4 (Prop_carry4_S[0]_O[0])
                                                      0.371     7.021 f  dut/pt_block_idx_reg[7]_i_26/O[0]
                         net (fo=3, routed)           0.679     7.701    dut/total_pt_blocks_w1[5]
    SLICE_X6Y93          LUT2 (Prop_lut2_I0_O)        0.299     8.000 r  dut/pt_block_idx[7]_i_61/O
                         net (fo=1, routed)           0.000     8.000    dut/pt_block_idx[7]_i_61_n_0
    SLICE_X6Y93          CARRY4 (Prop_carry4_S[0]_CO[3])
                                                      0.513     8.513 r  dut/pt_block_idx_reg[7]_i_44/CO[3]
                         net (fo=1, routed)           0.000     8.513    dut/pt_block_idx_reg[7]_i_44_n_0
    SLICE_X6Y94          CARRY4 (Prop_carry4_CI_CO[3])
                                                      0.117     8.630 r  dut/pt_block_idx_reg[7]_i_29/CO[3]
                         net (fo=1, routed)           0.000     8.630    dut/pt_block_idx_reg[7]_i_29_n_0
    SLICE_X6Y95          CARRY4 (Prop_carry4_CI_O[0])
                                                      0.219     8.849 f  dut/pt_block_idx_reg[7]_i_17/O[0]
                         net (fo=1, routed)           0.578     9.427    dut/is_last_pt_block_w1[9]
    SLICE_X7Y94          LUT3 (Prop_lut3_I2_O)        0.295     9.722 r  dut/pt_block_idx[7]_i_40/O
                         net (fo=1, routed)           0.000     9.722    dut/pt_block_idx[7]_i_40_n_0
    SLICE_X7Y94          CARRY4 (Prop_carry4_S[3]_CO[3])
                                                      0.401    10.123 r  dut/pt_block_idx_reg[7]_i_28/CO[3]
                         net (fo=1, routed)           0.000    10.123    dut/pt_block_idx_reg[7]_i_28_n_0
    SLICE_X7Y95          CARRY4 (Prop_carry4_CI_CO[3])
                                                      0.114    10.237 r  dut/pt_block_idx_reg[7]_i_16/CO[3]
                         net (fo=1, routed)           0.000    10.237    dut/pt_block_idx_reg[7]_i_16_n_0
    SLICE_X7Y96          CARRY4 (Prop_carry4_CI_CO[2])
                                                      0.228    10.465 f  dut/pt_block_idx_reg[7]_i_7/CO[2]
                         net (fo=4, routed)           1.068    11.533    dut/is_last_pt_block_w0
    SLICE_X13Y92         LUT3 (Prop_lut3_I1_O)        0.313    11.846 r  dut/state[2]_i_2/O
                         net (fo=5, routed)           0.754    12.600    dut/state[2]_i_2_n_0
    SLICE_X16Y88         LUT6 (Prop_lut6_I3_O)        0.124    12.724 r  dut/rc[7]_i_1/O
                         net (fo=8, routed)           0.488    13.212    dut/rc
    SLICE_X18Y87         FDRE                                         r  dut/rc_reg[0]/CE
  -------------------------------------------------------------------    -------------------

                         (clock clk rise edge)       10.000    10.000 r  
    Y11                                               0.000    10.000 r  clk (IN)
                         net (fo=0)                   0.000    10.000    clk
    Y11                  IBUF (Prop_ibuf_I_O)         0.872    10.872 r  clk_IBUF_inst/O
                         net (fo=1, routed)           2.334    13.206    clk_IBUF
    BUFGCTRL_X0Y0        BUFG (Prop_bufg_I_O)         0.091    13.297 r  clk_IBUF_BUFG_inst/O
                         net (fo=618, routed)         1.814    15.111    dut/clk_IBUF_BUFG
    SLICE_X18Y87         FDRE                                         r  dut/rc_reg[0]/C
                         clock pessimism              0.350    15.461    
                         clock uncertainty           -0.035    15.426    
    SLICE_X18Y87         FDRE (Setup_fdre_C_CE)      -0.169    15.257    dut/rc_reg[0]
  -------------------------------------------------------------------
                         required time                         15.257    
                         arrival time                         -13.212    
  -------------------------------------------------------------------
                         slack                                  2.045    

Slack (MET) :             2.045ns  (required time - arrival time)
  Source:                 dut/k0_reg[58]/C
                            (rising edge-triggered cell FDRE clocked by clk  {rise@0.000ns fall@5.000ns period=10.000ns})
  Destination:            dut/rc_reg[6]/CE
                            (rising edge-triggered cell FDRE clocked by clk  {rise@0.000ns fall@5.000ns period=10.000ns})
  Path Group:             clk
  Path Type:              Setup (Max at Slow Process Corner)
  Requirement:            10.000ns  (clk rise@10.000ns - clk rise@0.000ns)
  Data Path Delay:        7.709ns  (logic 3.450ns (44.754%)  route 4.259ns (55.246%))
  Logic Levels:           11  (CARRY4=7 LUT2=1 LUT3=2 LUT6=1)
  Clock Path Skew:        -0.042ns (DCD - SCD + CPR)
    Destination Clock Delay (DCD):    5.111ns = ( 15.111 - 10.000 ) 
    Source Clock Delay      (SCD):    5.503ns
    Clock Pessimism Removal (CPR):    0.350ns
  Clock Uncertainty:      0.035ns  ((TSJ^2 + TIJ^2)^1/2 + DJ) / 2 + PE
    Total System Jitter     (TSJ):    0.071ns
    Total Input Jitter      (TIJ):    0.000ns
    Discrete Jitter          (DJ):    0.000ns
    Phase Error              (PE):    0.000ns

    Location             Delay type                Incr(ns)  Path(ns)    Netlist Resource(s)
  -------------------------------------------------------------------    -------------------
                         (clock clk rise edge)        0.000     0.000 r  
    Y11                                               0.000     0.000 r  clk (IN)
                         net (fo=0)                   0.000     0.000    clk
    Y11                  IBUF (Prop_ibuf_I_O)         1.006     1.006 r  clk_IBUF_inst/O
                         net (fo=1, routed)           2.457     3.463    clk_IBUF
    BUFGCTRL_X0Y0        BUFG (Prop_bufg_I_O)         0.096     3.559 r  clk_IBUF_BUFG_inst/O
                         net (fo=618, routed)         1.944     5.503    dut/clk_IBUF_BUFG
    SLICE_X13Y91         FDRE                                         r  dut/k0_reg[58]/C
  -------------------------------------------------------------------    -------------------
    SLICE_X13Y91         FDRE (Prop_fdre_C_Q)         0.456     5.959 r  dut/k0_reg[58]/Q
                         net (fo=97, routed)          0.691     6.650    dut/k0[58]
    SLICE_X9Y93          CARRY4 (Prop_carry4_S[0]_O[0])
                                                      0.371     7.021 f  dut/pt_block_idx_reg[7]_i_26/O[0]
                         net (fo=3, routed)           0.679     7.701    dut/total_pt_blocks_w1[5]
    SLICE_X6Y93          LUT2 (Prop_lut2_I0_O)        0.299     8.000 r  dut/pt_block_idx[7]_i_61/O
                         net (fo=1, routed)           0.000     8.000    dut/pt_block_idx[7]_i_61_n_0
    SLICE_X6Y93          CARRY4 (Prop_carry4_S[0]_CO[3])
                                                      0.513     8.513 r  dut/pt_block_idx_reg[7]_i_44/CO[3]
                         net (fo=1, routed)           0.000     8.513    dut/pt_block_idx_reg[7]_i_44_n_0
    SLICE_X6Y94          CARRY4 (Prop_carry4_CI_CO[3])
                                                      0.117     8.630 r  dut/pt_block_idx_reg[7]_i_29/CO[3]
                         net (fo=1, routed)           0.000     8.630    dut/pt_block_idx_reg[7]_i_29_n_0
    SLICE_X6Y95          CARRY4 (Prop_carry4_CI_O[0])
                                                      0.219     8.849 f  dut/pt_block_idx_reg[7]_i_17/O[0]
                         net (fo=1, routed)           0.578     9.427    dut/is_last_pt_block_w1[9]
    SLICE_X7Y94          LUT3 (Prop_lut3_I2_O)        0.295     9.722 r  dut/pt_block_idx[7]_i_40/O
                         net (fo=1, routed)           0.000     9.722    dut/pt_block_idx[7]_i_40_n_0
    SLICE_X7Y94          CARRY4 (Prop_carry4_S[3]_CO[3])
                                                      0.401    10.123 r  dut/pt_block_idx_reg[7]_i_28/CO[3]
                         net (fo=1, routed)           0.000    10.123    dut/pt_block_idx_reg[7]_i_28_n_0
    SLICE_X7Y95          CARRY4 (Prop_carry4_CI_CO[3])
                                                      0.114    10.237 r  dut/pt_block_idx_reg[7]_i_16/CO[3]
                         net (fo=1, routed)           0.000    10.237    dut/pt_block_idx_reg[7]_i_16_n_0
    SLICE_X7Y96          CARRY4 (Prop_carry4_CI_CO[2])
                                                      0.228    10.465 f  dut/pt_block_idx_reg[7]_i_7/CO[2]
                         net (fo=4, routed)           1.068    11.533    dut/is_last_pt_block_w0
    SLICE_X13Y92         LUT3 (Prop_lut3_I1_O)        0.313    11.846 r  dut/state[2]_i_2/O
                         net (fo=5, routed)           0.754    12.600    dut/state[2]_i_2_n_0
    SLICE_X16Y88         LUT6 (Prop_lut6_I3_O)        0.124    12.724 r  dut/rc[7]_i_1/O
                         net (fo=8, routed)           0.488    13.212    dut/rc
    SLICE_X18Y87         FDRE                                         r  dut/rc_reg[6]/CE
  -------------------------------------------------------------------    -------------------

                         (clock clk rise edge)       10.000    10.000 r  
    Y11                                               0.000    10.000 r  clk (IN)
                         net (fo=0)                   0.000    10.000    clk
    Y11                  IBUF (Prop_ibuf_I_O)         0.872    10.872 r  clk_IBUF_inst/O
                         net (fo=1, routed)           2.334    13.206    clk_IBUF
    BUFGCTRL_X0Y0        BUFG (Prop_bufg_I_O)         0.091    13.297 r  clk_IBUF_BUFG_inst/O
                         net (fo=618, routed)         1.814    15.111    dut/clk_IBUF_BUFG
    SLICE_X18Y87         FDRE                                         r  dut/rc_reg[6]/C
                         clock pessimism              0.350    15.461    
                         clock uncertainty           -0.035    15.426    
    SLICE_X18Y87         FDRE (Setup_fdre_C_CE)      -0.169    15.257    dut/rc_reg[6]
  -------------------------------------------------------------------
                         required time                         15.257    
                         arrival time                         -13.212    
  -------------------------------------------------------------------
                         slack                                  2.045    





Min Delay Paths
--------------------------------------------------------------------------------------
Slack (MET) :             0.109ns  (arrival time - required time)
  Source:                 dut/data_out_reg[17]/C
                            (rising edge-triggered cell FDRE clocked by clk  {rise@0.000ns fall@5.000ns period=10.000ns})
  Destination:            activity_reg_reg[17]/D
                            (rising edge-triggered cell FDRE clocked by clk  {rise@0.000ns fall@5.000ns period=10.000ns})
  Path Group:             clk
  Path Type:              Hold (Min at Fast Process Corner)
  Requirement:            0.000ns  (clk rise@0.000ns - clk rise@0.000ns)
  Data Path Delay:        0.242ns  (logic 0.186ns (76.826%)  route 0.056ns (23.173%))
  Logic Levels:           1  (LUT3=1)
  Clock Path Skew:        0.013ns (DCD - SCD - CPR)
    Destination Clock Delay (DCD):    2.355ns
    Source Clock Delay      (SCD):    1.821ns
    Clock Pessimism Removal (CPR):    0.521ns

    Location             Delay type                Incr(ns)  Path(ns)    Netlist Resource(s)
  -------------------------------------------------------------------    -------------------
                         (clock clk rise edge)        0.000     0.000 r  
    Y11                                               0.000     0.000 r  clk (IN)
                         net (fo=0)                   0.000     0.000    clk
    Y11                  IBUF (Prop_ibuf_I_O)         0.235     0.235 r  clk_IBUF_inst/O
                         net (fo=1, routed)           0.843     1.078    clk_IBUF
    BUFGCTRL_X0Y0        BUFG (Prop_bufg_I_O)         0.026     1.104 r  clk_IBUF_BUFG_inst/O
                         net (fo=618, routed)         0.717     1.821    dut/clk_IBUF_BUFG
    SLICE_X3Y82          FDRE                                         r  dut/data_out_reg[17]/C
  -------------------------------------------------------------------    -------------------
    SLICE_X3Y82          FDRE (Prop_fdre_C_Q)         0.141     1.962 r  dut/data_out_reg[17]/Q
                         net (fo=1, routed)           0.056     2.018    dut/data_out[17]
    SLICE_X2Y82          LUT3 (Prop_lut3_I1_O)        0.045     2.063 r  dut/activity_reg[17]_i_1/O
                         net (fo=1, routed)           0.000     2.063    dut_n_20
    SLICE_X2Y82          FDRE                                         r  activity_reg_reg[17]/D
  -------------------------------------------------------------------    -------------------

                         (clock clk rise edge)        0.000     0.000 r  
    Y11                                               0.000     0.000 r  clk (IN)
                         net (fo=0)                   0.000     0.000    clk
    Y11                  IBUF (Prop_ibuf_I_O)         0.424     0.424 r  clk_IBUF_inst/O
                         net (fo=1, routed)           0.910     1.334    clk_IBUF
    BUFGCTRL_X0Y0        BUFG (Prop_bufg_I_O)         0.029     1.363 r  clk_IBUF_BUFG_inst/O
                         net (fo=618, routed)         0.992     2.355    clk_IBUF_BUFG
    SLICE_X2Y82          FDRE                                         r  activity_reg_reg[17]/C
                         clock pessimism             -0.521     1.834    
    SLICE_X2Y82          FDRE (Hold_fdre_C_D)         0.120     1.954    activity_reg_reg[17]
  -------------------------------------------------------------------
                         required time                         -1.954    
                         arrival time                           2.063    
  -------------------------------------------------------------------
                         slack                                  0.109    

Slack (MET) :             0.109ns  (arrival time - required time)
  Source:                 dut/tag_out_reg[2]/C
                            (rising edge-triggered cell FDRE clocked by clk  {rise@0.000ns fall@5.000ns period=10.000ns})
  Destination:            activity_reg_reg[2]/D
                            (rising edge-triggered cell FDRE clocked by clk  {rise@0.000ns fall@5.000ns period=10.000ns})
  Path Group:             clk
  Path Type:              Hold (Min at Fast Process Corner)
  Requirement:            0.000ns  (clk rise@0.000ns - clk rise@0.000ns)
  Data Path Delay:        0.242ns  (logic 0.186ns (76.826%)  route 0.056ns (23.173%))
  Logic Levels:           1  (LUT3=1)
  Clock Path Skew:        0.013ns (DCD - SCD - CPR)
    Destination Clock Delay (DCD):    2.352ns
    Source Clock Delay      (SCD):    1.818ns
    Clock Pessimism Removal (CPR):    0.521ns

    Location             Delay type                Incr(ns)  Path(ns)    Netlist Resource(s)
  -------------------------------------------------------------------    -------------------
                         (clock clk rise edge)        0.000     0.000 r  
    Y11                                               0.000     0.000 r  clk (IN)
                         net (fo=0)                   0.000     0.000    clk
    Y11                  IBUF (Prop_ibuf_I_O)         0.235     0.235 r  clk_IBUF_inst/O
                         net (fo=1, routed)           0.843     1.078    clk_IBUF
    BUFGCTRL_X0Y0        BUFG (Prop_bufg_I_O)         0.026     1.104 r  clk_IBUF_BUFG_inst/O
                         net (fo=618, routed)         0.714     1.818    dut/clk_IBUF_BUFG
    SLICE_X3Y79          FDRE                                         r  dut/tag_out_reg[2]/C
  -------------------------------------------------------------------    -------------------
    SLICE_X3Y79          FDRE (Prop_fdre_C_Q)         0.141     1.959 r  dut/tag_out_reg[2]/Q
                         net (fo=1, routed)           0.056     2.015    dut/tag_out_reg[127]_0[2]
    SLICE_X2Y79          LUT3 (Prop_lut3_I2_O)        0.045     2.060 r  dut/activity_reg[2]_i_1/O
                         net (fo=1, routed)           0.000     2.060    dut_n_35
    SLICE_X2Y79          FDRE                                         r  activity_reg_reg[2]/D
  -------------------------------------------------------------------    -------------------

                         (clock clk rise edge)        0.000     0.000 r  
    Y11                                               0.000     0.000 r  clk (IN)
                         net (fo=0)                   0.000     0.000    clk
    Y11                  IBUF (Prop_ibuf_I_O)         0.424     0.424 r  clk_IBUF_inst/O
                         net (fo=1, routed)           0.910     1.334    clk_IBUF
    BUFGCTRL_X0Y0        BUFG (Prop_bufg_I_O)         0.029     1.363 r  clk_IBUF_BUFG_inst/O
                         net (fo=618, routed)         0.989     2.352    clk_IBUF_BUFG
    SLICE_X2Y79          FDRE                                         r  activity_reg_reg[2]/C
                         clock pessimism             -0.521     1.831    
    SLICE_X2Y79          FDRE (Hold_fdre_C_D)         0.120     1.951    activity_reg_reg[2]
  -------------------------------------------------------------------
                         required time                         -1.951    
                         arrival time                           2.060    
  -------------------------------------------------------------------
                         slack                                  0.109    

Slack (MET) :             0.138ns  (arrival time - required time)
  Source:                 dut/tag_out_reg[14]/C
                            (rising edge-triggered cell FDRE clocked by clk  {rise@0.000ns fall@5.000ns period=10.000ns})
  Destination:            activity_reg_reg[14]/D
                            (rising edge-triggered cell FDRE clocked by clk  {rise@0.000ns fall@5.000ns period=10.000ns})
  Path Group:             clk
  Path Type:              Hold (Min at Fast Process Corner)
  Requirement:            0.000ns  (clk rise@0.000ns - clk rise@0.000ns)
  Data Path Delay:        0.243ns  (logic 0.186ns (76.391%)  route 0.057ns (23.609%))
  Logic Levels:           1  (LUT3=1)
  Clock Path Skew:        0.013ns (DCD - SCD - CPR)
    Destination Clock Delay (DCD):    2.352ns
    Source Clock Delay      (SCD):    1.818ns
    Clock Pessimism Removal (CPR):    0.521ns

    Location             Delay type                Incr(ns)  Path(ns)    Netlist Resource(s)
  -------------------------------------------------------------------    -------------------
                         (clock clk rise edge)        0.000     0.000 r  
    Y11                                               0.000     0.000 r  clk (IN)
                         net (fo=0)                   0.000     0.000    clk
    Y11                  IBUF (Prop_ibuf_I_O)         0.235     0.235 r  clk_IBUF_inst/O
                         net (fo=1, routed)           0.843     1.078    clk_IBUF
    BUFGCTRL_X0Y0        BUFG (Prop_bufg_I_O)         0.026     1.104 r  clk_IBUF_BUFG_inst/O
                         net (fo=618, routed)         0.714     1.818    dut/clk_IBUF_BUFG
    SLICE_X1Y79          FDRE                                         r  dut/tag_out_reg[14]/C
  -------------------------------------------------------------------    -------------------
    SLICE_X1Y79          FDRE (Prop_fdre_C_Q)         0.141     1.959 r  dut/tag_out_reg[14]/Q
                         net (fo=1, routed)           0.057     2.016    dut/tag_out_reg[127]_0[14]
    SLICE_X0Y79          LUT3 (Prop_lut3_I2_O)        0.045     2.061 r  dut/activity_reg[14]_i_1/O
                         net (fo=1, routed)           0.000     2.061    dut_n_23
    SLICE_X0Y79          FDRE                                         r  activity_reg_reg[14]/D
  -------------------------------------------------------------------    -------------------

                         (clock clk rise edge)        0.000     0.000 r  
    Y11                                               0.000     0.000 r  clk (IN)
                         net (fo=0)                   0.000     0.000    clk
    Y11                  IBUF (Prop_ibuf_I_O)         0.424     0.424 r  clk_IBUF_inst/O
                         net (fo=1, routed)           0.910     1.334    clk_IBUF
    BUFGCTRL_X0Y0        BUFG (Prop_bufg_I_O)         0.029     1.363 r  clk_IBUF_BUFG_inst/O
                         net (fo=618, routed)         0.989     2.352    clk_IBUF_BUFG
    SLICE_X0Y79          FDRE                                         r  activity_reg_reg[14]/C
                         clock pessimism             -0.521     1.831    
    SLICE_X0Y79          FDRE (Hold_fdre_C_D)         0.092     1.923    activity_reg_reg[14]
  -------------------------------------------------------------------
                         required time                         -1.923    
                         arrival time                           2.061    
  -------------------------------------------------------------------
                         slack                                  0.138    

Slack (MET) :             0.140ns  (arrival time - required time)
  Source:                 dut/tag_out_reg[25]/C
                            (rising edge-triggered cell FDRE clocked by clk  {rise@0.000ns fall@5.000ns period=10.000ns})
  Destination:            activity_reg_reg[25]/D
                            (rising edge-triggered cell FDRE clocked by clk  {rise@0.000ns fall@5.000ns period=10.000ns})
  Path Group:             clk
  Path Type:              Hold (Min at Fast Process Corner)
  Requirement:            0.000ns  (clk rise@0.000ns - clk rise@0.000ns)
  Data Path Delay:        0.273ns  (logic 0.186ns (68.106%)  route 0.087ns (31.894%))
  Logic Levels:           1  (LUT3=1)
  Clock Path Skew:        0.013ns (DCD - SCD - CPR)
    Destination Clock Delay (DCD):    2.362ns
    Source Clock Delay      (SCD):    1.826ns
    Clock Pessimism Removal (CPR):    0.523ns

    Location             Delay type                Incr(ns)  Path(ns)    Netlist Resource(s)
  -------------------------------------------------------------------    -------------------
                         (clock clk rise edge)        0.000     0.000 r  
    Y11                                               0.000     0.000 r  clk (IN)
                         net (fo=0)                   0.000     0.000    clk
    Y11                  IBUF (Prop_ibuf_I_O)         0.235     0.235 r  clk_IBUF_inst/O
                         net (fo=1, routed)           0.843     1.078    clk_IBUF
    BUFGCTRL_X0Y0        BUFG (Prop_bufg_I_O)         0.026     1.104 r  clk_IBUF_BUFG_inst/O
                         net (fo=618, routed)         0.722     1.826    dut/clk_IBUF_BUFG
    SLICE_X3Y90          FDRE                                         r  dut/tag_out_reg[25]/C
  -------------------------------------------------------------------    -------------------
    SLICE_X3Y90          FDRE (Prop_fdre_C_Q)         0.141     1.967 r  dut/tag_out_reg[25]/Q
                         net (fo=1, routed)           0.087     2.054    dut/tag_out_reg[127]_0[25]
    SLICE_X2Y90          LUT3 (Prop_lut3_I2_O)        0.045     2.099 r  dut/activity_reg[25]_i_1/O
                         net (fo=1, routed)           0.000     2.099    dut_n_12
    SLICE_X2Y90          FDRE                                         r  activity_reg_reg[25]/D
  -------------------------------------------------------------------    -------------------

                         (clock clk rise edge)        0.000     0.000 r  
    Y11                                               0.000     0.000 r  clk (IN)
                         net (fo=0)                   0.000     0.000    clk
    Y11                  IBUF (Prop_ibuf_I_O)         0.424     0.424 r  clk_IBUF_inst/O
                         net (fo=1, routed)           0.910     1.334    clk_IBUF
    BUFGCTRL_X0Y0        BUFG (Prop_bufg_I_O)         0.029     1.363 r  clk_IBUF_BUFG_inst/O
                         net (fo=618, routed)         0.999     2.362    clk_IBUF_BUFG
    SLICE_X2Y90          FDRE                                         r  activity_reg_reg[25]/C
                         clock pessimism             -0.523     1.839    
    SLICE_X2Y90          FDRE (Hold_fdre_C_D)         0.120     1.959    activity_reg_reg[25]
  -------------------------------------------------------------------
                         required time                         -1.959    
                         arrival time                           2.099    
  -------------------------------------------------------------------
                         slack                                  0.140    

Slack (MET) :             0.143ns  (arrival time - required time)
  Source:                 dut/data_out_reg[20]/C
                            (rising edge-triggered cell FDRE clocked by clk  {rise@0.000ns fall@5.000ns period=10.000ns})
  Destination:            activity_reg_reg[20]/D
                            (rising edge-triggered cell FDRE clocked by clk  {rise@0.000ns fall@5.000ns period=10.000ns})
  Path Group:             clk
  Path Type:              Hold (Min at Fast Process Corner)
  Requirement:            0.000ns  (clk rise@0.000ns - clk rise@0.000ns)
  Data Path Delay:        0.277ns  (logic 0.186ns (67.123%)  route 0.091ns (32.877%))
  Logic Levels:           1  (LUT3=1)
  Clock Path Skew:        0.013ns (DCD - SCD - CPR)
    Destination Clock Delay (DCD):    2.355ns
    Source Clock Delay      (SCD):    1.821ns
    Clock Pessimism Removal (CPR):    0.521ns

    Location             Delay type                Incr(ns)  Path(ns)    Netlist Resource(s)
  -------------------------------------------------------------------    -------------------
                         (clock clk rise edge)        0.000     0.000 r  
    Y11                                               0.000     0.000 r  clk (IN)
                         net (fo=0)                   0.000     0.000    clk
    Y11                  IBUF (Prop_ibuf_I_O)         0.235     0.235 r  clk_IBUF_inst/O
                         net (fo=1, routed)           0.843     1.078    clk_IBUF
    BUFGCTRL_X0Y0        BUFG (Prop_bufg_I_O)         0.026     1.104 r  clk_IBUF_BUFG_inst/O
                         net (fo=618, routed)         0.717     1.821    dut/clk_IBUF_BUFG
    SLICE_X3Y82          FDRE                                         r  dut/data_out_reg[20]/C
  -------------------------------------------------------------------    -------------------
    SLICE_X3Y82          FDRE (Prop_fdre_C_Q)         0.141     1.962 r  dut/data_out_reg[20]/Q
                         net (fo=1, routed)           0.091     2.053    dut/data_out[20]
    SLICE_X2Y82          LUT3 (Prop_lut3_I1_O)        0.045     2.098 r  dut/activity_reg[20]_i_1/O
                         net (fo=1, routed)           0.000     2.098    dut_n_17
    SLICE_X2Y82          FDRE                                         r  activity_reg_reg[20]/D
  -------------------------------------------------------------------    -------------------

                         (clock clk rise edge)        0.000     0.000 r  
    Y11                                               0.000     0.000 r  clk (IN)
                         net (fo=0)                   0.000     0.000    clk
    Y11                  IBUF (Prop_ibuf_I_O)         0.424     0.424 r  clk_IBUF_inst/O
                         net (fo=1, routed)           0.910     1.334    clk_IBUF
    BUFGCTRL_X0Y0        BUFG (Prop_bufg_I_O)         0.029     1.363 r  clk_IBUF_BUFG_inst/O
                         net (fo=618, routed)         0.992     2.355    clk_IBUF_BUFG
    SLICE_X2Y82          FDRE                                         r  activity_reg_reg[20]/C
                         clock pessimism             -0.521     1.834    
    SLICE_X2Y82          FDRE (Hold_fdre_C_D)         0.121     1.955    activity_reg_reg[20]
  -------------------------------------------------------------------
                         required time                         -1.955    
                         arrival time                           2.098    
  -------------------------------------------------------------------
                         slack                                  0.143    

Slack (MET) :             0.143ns  (arrival time - required time)
  Source:                 dut/tag_out_reg[28]/C
                            (rising edge-triggered cell FDRE clocked by clk  {rise@0.000ns fall@5.000ns period=10.000ns})
  Destination:            activity_reg_reg[28]/D
                            (rising edge-triggered cell FDRE clocked by clk  {rise@0.000ns fall@5.000ns period=10.000ns})
  Path Group:             clk
  Path Type:              Hold (Min at Fast Process Corner)
  Requirement:            0.000ns  (clk rise@0.000ns - clk rise@0.000ns)
  Data Path Delay:        0.277ns  (logic 0.186ns (67.123%)  route 0.091ns (32.877%))
  Logic Levels:           1  (LUT3=1)
  Clock Path Skew:        0.013ns (DCD - SCD - CPR)
    Destination Clock Delay (DCD):    2.362ns
    Source Clock Delay      (SCD):    1.826ns
    Clock Pessimism Removal (CPR):    0.523ns

    Location             Delay type                Incr(ns)  Path(ns)    Netlist Resource(s)
  -------------------------------------------------------------------    -------------------
                         (clock clk rise edge)        0.000     0.000 r  
    Y11                                               0.000     0.000 r  clk (IN)
                         net (fo=0)                   0.000     0.000    clk
    Y11                  IBUF (Prop_ibuf_I_O)         0.235     0.235 r  clk_IBUF_inst/O
                         net (fo=1, routed)           0.843     1.078    clk_IBUF
    BUFGCTRL_X0Y0        BUFG (Prop_bufg_I_O)         0.026     1.104 r  clk_IBUF_BUFG_inst/O
                         net (fo=618, routed)         0.722     1.826    dut/clk_IBUF_BUFG
    SLICE_X3Y92          FDRE                                         r  dut/tag_out_reg[28]/C
  -------------------------------------------------------------------    -------------------
    SLICE_X3Y92          FDRE (Prop_fdre_C_Q)         0.141     1.967 r  dut/tag_out_reg[28]/Q
                         net (fo=1, routed)           0.091     2.058    dut/tag_out_reg[127]_0[28]
    SLICE_X2Y92          LUT3 (Prop_lut3_I2_O)        0.045     2.103 r  dut/activity_reg[28]_i_1/O
                         net (fo=1, routed)           0.000     2.103    dut_n_9
    SLICE_X2Y92          FDRE                                         r  activity_reg_reg[28]/D
  -------------------------------------------------------------------    -------------------

                         (clock clk rise edge)        0.000     0.000 r  
    Y11                                               0.000     0.000 r  clk (IN)
                         net (fo=0)                   0.000     0.000    clk
    Y11                  IBUF (Prop_ibuf_I_O)         0.424     0.424 r  clk_IBUF_inst/O
                         net (fo=1, routed)           0.910     1.334    clk_IBUF
    BUFGCTRL_X0Y0        BUFG (Prop_bufg_I_O)         0.029     1.363 r  clk_IBUF_BUFG_inst/O
                         net (fo=618, routed)         0.999     2.362    clk_IBUF_BUFG
    SLICE_X2Y92          FDRE                                         r  activity_reg_reg[28]/C
                         clock pessimism             -0.523     1.839    
    SLICE_X2Y92          FDRE (Hold_fdre_C_D)         0.121     1.960    activity_reg_reg[28]
  -------------------------------------------------------------------
                         required time                         -1.960    
                         arrival time                           2.103    
  -------------------------------------------------------------------
                         slack                                  0.143    

Slack (MET) :             0.165ns  (arrival time - required time)
  Source:                 dut/x0_reg[18]/C
                            (rising edge-triggered cell FDRE clocked by clk  {rise@0.000ns fall@5.000ns period=10.000ns})
  Destination:            dut/data_out_reg[18]/D
                            (rising edge-triggered cell FDRE clocked by clk  {rise@0.000ns fall@5.000ns period=10.000ns})
  Path Group:             clk
  Path Type:              Hold (Min at Fast Process Corner)
  Requirement:            0.000ns  (clk rise@0.000ns - clk rise@0.000ns)
  Data Path Delay:        0.298ns  (logic 0.186ns (62.469%)  route 0.112ns (37.531%))
  Logic Levels:           1  (LUT2=1)
  Clock Path Skew:        0.013ns (DCD - SCD - CPR)
    Destination Clock Delay (DCD):    2.358ns
    Source Clock Delay      (SCD):    1.823ns
    Clock Pessimism Removal (CPR):    0.522ns

    Location             Delay type                Incr(ns)  Path(ns)    Netlist Resource(s)
  -------------------------------------------------------------------    -------------------
                         (clock clk rise edge)        0.000     0.000 r  
    Y11                                               0.000     0.000 r  clk (IN)
                         net (fo=0)                   0.000     0.000    clk
    Y11                  IBUF (Prop_ibuf_I_O)         0.235     0.235 r  clk_IBUF_inst/O
                         net (fo=1, routed)           0.843     1.078    clk_IBUF
    BUFGCTRL_X0Y0        BUFG (Prop_bufg_I_O)         0.026     1.104 r  clk_IBUF_BUFG_inst/O
                         net (fo=618, routed)         0.719     1.823    dut/clk_IBUF_BUFG
    SLICE_X3Y86          FDRE                                         r  dut/x0_reg[18]/C
  -------------------------------------------------------------------    -------------------
    SLICE_X3Y86          FDRE (Prop_fdre_C_Q)         0.141     1.964 r  dut/x0_reg[18]/Q
                         net (fo=6, routed)           0.112     2.075    dut/rate_w[18]
    SLICE_X2Y86          LUT2 (Prop_lut2_I0_O)        0.045     2.120 r  dut/data_out[18]_i_1/O
                         net (fo=1, routed)           0.000     2.120    dut/data_out[18]_i_1_n_0
    SLICE_X2Y86          FDRE                                         r  dut/data_out_reg[18]/D
  -------------------------------------------------------------------    -------------------

                         (clock clk rise edge)        0.000     0.000 r  
    Y11                                               0.000     0.000 r  clk (IN)
                         net (fo=0)                   0.000     0.000    clk
    Y11                  IBUF (Prop_ibuf_I_O)         0.424     0.424 r  clk_IBUF_inst/O
                         net (fo=1, routed)           0.910     1.334    clk_IBUF
    BUFGCTRL_X0Y0        BUFG (Prop_bufg_I_O)         0.029     1.363 r  clk_IBUF_BUFG_inst/O
                         net (fo=618, routed)         0.995     2.358    dut/clk_IBUF_BUFG
    SLICE_X2Y86          FDRE                                         r  dut/data_out_reg[18]/C
                         clock pessimism             -0.522     1.836    
    SLICE_X2Y86          FDRE (Hold_fdre_C_D)         0.120     1.956    dut/data_out_reg[18]
  -------------------------------------------------------------------
                         required time                         -1.956    
                         arrival time                           2.120    
  -------------------------------------------------------------------
                         slack                                  0.165    

Slack (MET) :             0.167ns  (arrival time - required time)
  Source:                 FSM_onehot_state_reg[1]/C
                            (rising edge-triggered cell FDRE clocked by clk  {rise@0.000ns fall@5.000ns period=10.000ns})
  Destination:            start_reg/D
                            (rising edge-triggered cell FDRE clocked by clk  {rise@0.000ns fall@5.000ns period=10.000ns})
  Path Group:             clk
  Path Type:              Hold (Min at Fast Process Corner)
  Requirement:            0.000ns  (clk rise@0.000ns - clk rise@0.000ns)
  Data Path Delay:        0.287ns  (logic 0.189ns (65.896%)  route 0.098ns (34.104%))
  Logic Levels:           1  (LUT4=1)
  Clock Path Skew:        0.013ns (DCD - SCD - CPR)
    Destination Clock Delay (DCD):    2.345ns
    Source Clock Delay      (SCD):    1.811ns
    Clock Pessimism Removal (CPR):    0.521ns

    Location             Delay type                Incr(ns)  Path(ns)    Netlist Resource(s)
  -------------------------------------------------------------------    -------------------
                         (clock clk rise edge)        0.000     0.000 r  
    Y11                                               0.000     0.000 r  clk (IN)
                         net (fo=0)                   0.000     0.000    clk
    Y11                  IBUF (Prop_ibuf_I_O)         0.235     0.235 r  clk_IBUF_inst/O
                         net (fo=1, routed)           0.843     1.078    clk_IBUF
    BUFGCTRL_X0Y0        BUFG (Prop_bufg_I_O)         0.026     1.104 r  clk_IBUF_BUFG_inst/O
                         net (fo=618, routed)         0.707     1.811    clk_IBUF_BUFG
    SLICE_X4Y75          FDRE                                         r  FSM_onehot_state_reg[1]/C
  -------------------------------------------------------------------    -------------------
    SLICE_X4Y75          FDRE (Prop_fdre_C_Q)         0.141     1.952 r  FSM_onehot_state_reg[1]/Q
                         net (fo=3, routed)           0.098     2.050    start
    SLICE_X5Y75          LUT4 (Prop_lut4_I1_O)        0.048     2.098 r  start_i_1/O
                         net (fo=1, routed)           0.000     2.098    start_i_1_n_0
    SLICE_X5Y75          FDRE                                         r  start_reg/D
  -------------------------------------------------------------------    -------------------

                         (clock clk rise edge)        0.000     0.000 r  
    Y11                                               0.000     0.000 r  clk (IN)
                         net (fo=0)                   0.000     0.000    clk
    Y11                  IBUF (Prop_ibuf_I_O)         0.424     0.424 r  clk_IBUF_inst/O
                         net (fo=1, routed)           0.910     1.334    clk_IBUF
    BUFGCTRL_X0Y0        BUFG (Prop_bufg_I_O)         0.029     1.363 r  clk_IBUF_BUFG_inst/O
                         net (fo=618, routed)         0.982     2.345    clk_IBUF_BUFG
    SLICE_X5Y75          FDRE                                         r  start_reg/C
                         clock pessimism             -0.521     1.824    
    SLICE_X5Y75          FDRE (Hold_fdre_C_D)         0.107     1.931    start_reg
  -------------------------------------------------------------------
                         required time                         -1.931    
                         arrival time                           2.098    
  -------------------------------------------------------------------
                         slack                                  0.167    

Slack (MET) :             0.176ns  (arrival time - required time)
  Source:                 dut/data_out_reg[26]/C
                            (rising edge-triggered cell FDRE clocked by clk  {rise@0.000ns fall@5.000ns period=10.000ns})
  Destination:            activity_reg_reg[26]/D
                            (rising edge-triggered cell FDRE clocked by clk  {rise@0.000ns fall@5.000ns period=10.000ns})
  Path Group:             clk
  Path Type:              Hold (Min at Fast Process Corner)
  Requirement:            0.000ns  (clk rise@0.000ns - clk rise@0.000ns)
  Data Path Delay:        0.340ns  (logic 0.186ns (54.739%)  route 0.154ns (45.261%))
  Logic Levels:           1  (LUT3=1)
  Clock Path Skew:        0.043ns (DCD - SCD - CPR)
    Destination Clock Delay (DCD):    2.362ns
    Source Clock Delay      (SCD):    1.822ns
    Clock Pessimism Removal (CPR):    0.497ns

    Location             Delay type                Incr(ns)  Path(ns)    Netlist Resource(s)
  -------------------------------------------------------------------    -------------------
                         (clock clk rise edge)        0.000     0.000 r  
    Y11                                               0.000     0.000 r  clk (IN)
                         net (fo=0)                   0.000     0.000    clk
    Y11                  IBUF (Prop_ibuf_I_O)         0.235     0.235 r  clk_IBUF_inst/O
                         net (fo=1, routed)           0.843     1.078    clk_IBUF
    BUFGCTRL_X0Y0        BUFG (Prop_bufg_I_O)         0.026     1.104 r  clk_IBUF_BUFG_inst/O
                         net (fo=618, routed)         0.718     1.822    dut/clk_IBUF_BUFG
    SLICE_X4Y89          FDRE                                         r  dut/data_out_reg[26]/C
  -------------------------------------------------------------------    -------------------
    SLICE_X4Y89          FDRE (Prop_fdre_C_Q)         0.141     1.963 r  dut/data_out_reg[26]/Q
                         net (fo=1, routed)           0.154     2.117    dut/data_out[26]
    SLICE_X2Y90          LUT3 (Prop_lut3_I1_O)        0.045     2.162 r  dut/activity_reg[26]_i_1/O
                         net (fo=1, routed)           0.000     2.162    dut_n_11
    SLICE_X2Y90          FDRE                                         r  activity_reg_reg[26]/D
  -------------------------------------------------------------------    -------------------

                         (clock clk rise edge)        0.000     0.000 r  
    Y11                                               0.000     0.000 r  clk (IN)
                         net (fo=0)                   0.000     0.000    clk
    Y11                  IBUF (Prop_ibuf_I_O)         0.424     0.424 r  clk_IBUF_inst/O
                         net (fo=1, routed)           0.910     1.334    clk_IBUF
    BUFGCTRL_X0Y0        BUFG (Prop_bufg_I_O)         0.029     1.363 r  clk_IBUF_BUFG_inst/O
                         net (fo=618, routed)         0.999     2.362    clk_IBUF_BUFG
    SLICE_X2Y90          FDRE                                         r  activity_reg_reg[26]/C
                         clock pessimism             -0.497     1.865    
    SLICE_X2Y90          FDRE (Hold_fdre_C_D)         0.121     1.986    activity_reg_reg[26]
  -------------------------------------------------------------------
                         required time                         -1.986    
                         arrival time                           2.162    
  -------------------------------------------------------------------
                         slack                                  0.176    

Slack (MET) :             0.179ns  (arrival time - required time)
  Source:                 dut/tag_out_reg[8]/C
                            (rising edge-triggered cell FDRE clocked by clk  {rise@0.000ns fall@5.000ns period=10.000ns})
  Destination:            activity_reg_reg[8]/D
                            (rising edge-triggered cell FDRE clocked by clk  {rise@0.000ns fall@5.000ns period=10.000ns})
  Path Group:             clk
  Path Type:              Hold (Min at Fast Process Corner)
  Requirement:            0.000ns  (clk rise@0.000ns - clk rise@0.000ns)
  Data Path Delay:        0.283ns  (logic 0.186ns (65.755%)  route 0.097ns (34.245%))
  Logic Levels:           1  (LUT3=1)
  Clock Path Skew:        0.013ns (DCD - SCD - CPR)
    Destination Clock Delay (DCD):    2.351ns
    Source Clock Delay      (SCD):    1.817ns
    Clock Pessimism Removal (CPR):    0.521ns

    Location             Delay type                Incr(ns)  Path(ns)    Netlist Resource(s)
  -------------------------------------------------------------------    -------------------
                         (clock clk rise edge)        0.000     0.000 r  
    Y11                                               0.000     0.000 r  clk (IN)
                         net (fo=0)                   0.000     0.000    clk
    Y11                  IBUF (Prop_ibuf_I_O)         0.235     0.235 r  clk_IBUF_inst/O
                         net (fo=1, routed)           0.843     1.078    clk_IBUF
    BUFGCTRL_X0Y0        BUFG (Prop_bufg_I_O)         0.026     1.104 r  clk_IBUF_BUFG_inst/O
                         net (fo=618, routed)         0.713     1.817    dut/clk_IBUF_BUFG
    SLICE_X1Y78          FDRE                                         r  dut/tag_out_reg[8]/C
  -------------------------------------------------------------------    -------------------
    SLICE_X1Y78          FDRE (Prop_fdre_C_Q)         0.141     1.958 r  dut/tag_out_reg[8]/Q
                         net (fo=1, routed)           0.097     2.055    dut/tag_out_reg[127]_0[8]
    SLICE_X0Y78          LUT3 (Prop_lut3_I2_O)        0.045     2.100 r  dut/activity_reg[8]_i_1/O
                         net (fo=1, routed)           0.000     2.100    dut_n_29
    SLICE_X0Y78          FDRE                                         r  activity_reg_reg[8]/D
  -------------------------------------------------------------------    -------------------

                         (clock clk rise edge)        0.000     0.000 r  
    Y11                                               0.000     0.000 r  clk (IN)
                         net (fo=0)                   0.000     0.000    clk
    Y11                  IBUF (Prop_ibuf_I_O)         0.424     0.424 r  clk_IBUF_inst/O
                         net (fo=1, routed)           0.910     1.334    clk_IBUF
    BUFGCTRL_X0Y0        BUFG (Prop_bufg_I_O)         0.029     1.363 r  clk_IBUF_BUFG_inst/O
                         net (fo=618, routed)         0.988     2.351    clk_IBUF_BUFG
    SLICE_X0Y78          FDRE                                         r  activity_reg_reg[8]/C
                         clock pessimism             -0.521     1.830    
    SLICE_X0Y78          FDRE (Hold_fdre_C_D)         0.091     1.921    activity_reg_reg[8]
  -------------------------------------------------------------------
                         required time                         -1.921    
                         arrival time                           2.100    
  -------------------------------------------------------------------
                         slack                                  0.179    





Pulse Width Checks
--------------------------------------------------------------------------------------
Clock Name:         clk
Waveform(ns):       { 0.000 5.000 }
Period(ns):         10.000
Sources:            { clk }

Check Type        Corner  Lib Pin  Reference Pin  Required(ns)  Actual(ns)  Slack(ns)  Location       Pin
Min Period        n/a     BUFG/I   n/a            2.155         10.000      7.845      BUFGCTRL_X0Y0  clk_IBUF_BUFG_inst/I
Min Period        n/a     FDSE/C   n/a            1.000         10.000      9.000      SLICE_X4Y75    FSM_onehot_state_reg[0]/C
Min Period        n/a     FDRE/C   n/a            1.000         10.000      9.000      SLICE_X4Y75    FSM_onehot_state_reg[1]/C
Min Period        n/a     FDRE/C   n/a            1.000         10.000      9.000      SLICE_X4Y75    FSM_onehot_state_reg[2]/C
Min Period        n/a     FDRE/C   n/a            1.000         10.000      9.000      SLICE_X4Y75    FSM_onehot_state_reg[3]/C
Min Period        n/a     FDRE/C   n/a            1.000         10.000      9.000      SLICE_X3Y75    activity_reg_reg[0]/C
Min Period        n/a     FDRE/C   n/a            1.000         10.000      9.000      SLICE_X4Y77    activity_reg_reg[10]/C
Min Period        n/a     FDRE/C   n/a            1.000         10.000      9.000      SLICE_X2Y78    activity_reg_reg[11]/C
Min Period        n/a     FDRE/C   n/a            1.000         10.000      9.000      SLICE_X3Y78    activity_reg_reg[12]/C
Min Period        n/a     FDRE/C   n/a            1.000         10.000      9.000      SLICE_X0Y79    activity_reg_reg[13]/C
Low Pulse Width   Slow    FDSE/C   n/a            0.500         5.000       4.500      SLICE_X4Y75    FSM_onehot_state_reg[0]/C
Low Pulse Width   Fast    FDSE/C   n/a            0.500         5.000       4.500      SLICE_X4Y75    FSM_onehot_state_reg[0]/C
Low Pulse Width   Slow    FDRE/C   n/a            0.500         5.000       4.500      SLICE_X4Y75    FSM_onehot_state_reg[1]/C
Low Pulse Width   Fast    FDRE/C   n/a            0.500         5.000       4.500      SLICE_X4Y75    FSM_onehot_state_reg[1]/C
Low Pulse Width   Slow    FDRE/C   n/a            0.500         5.000       4.500      SLICE_X4Y75    FSM_onehot_state_reg[2]/C
Low Pulse Width   Fast    FDRE/C   n/a            0.500         5.000       4.500      SLICE_X4Y75    FSM_onehot_state_reg[2]/C
Low Pulse Width   Slow    FDRE/C   n/a            0.500         5.000       4.500      SLICE_X4Y75    FSM_onehot_state_reg[3]/C
Low Pulse Width   Fast    FDRE/C   n/a            0.500         5.000       4.500      SLICE_X4Y75    FSM_onehot_state_reg[3]/C
Low Pulse Width   Slow    FDRE/C   n/a            0.500         5.000       4.500      SLICE_X3Y75    activity_reg_reg[0]/C
Low Pulse Width   Fast    FDRE/C   n/a            0.500         5.000       4.500      SLICE_X3Y75    activity_reg_reg[0]/C
High Pulse Width  Slow    FDSE/C   n/a            0.500         5.000       4.500      SLICE_X4Y75    FSM_onehot_state_reg[0]/C
High Pulse Width  Fast    FDSE/C   n/a            0.500         5.000       4.500      SLICE_X4Y75    FSM_onehot_state_reg[0]/C
High Pulse Width  Slow    FDRE/C   n/a            0.500         5.000       4.500      SLICE_X4Y75    FSM_onehot_state_reg[1]/C
High Pulse Width  Fast    FDRE/C   n/a            0.500         5.000       4.500      SLICE_X4Y75    FSM_onehot_state_reg[1]/C
High Pulse Width  Slow    FDRE/C   n/a            0.500         5.000       4.500      SLICE_X4Y75    FSM_onehot_state_reg[2]/C
High Pulse Width  Fast    FDRE/C   n/a            0.500         5.000       4.500      SLICE_X4Y75    FSM_onehot_state_reg[2]/C
High Pulse Width  Slow    FDRE/C   n/a            0.500         5.000       4.500      SLICE_X4Y75    FSM_onehot_state_reg[3]/C
High Pulse Width  Fast    FDRE/C   n/a            0.500         5.000       4.500      SLICE_X4Y75    FSM_onehot_state_reg[3]/C
High Pulse Width  Slow    FDRE/C   n/a            0.500         5.000       4.500      SLICE_X3Y75    activity_reg_reg[0]/C
High Pulse Width  Fast    FDRE/C   n/a            0.500         5.000       4.500      SLICE_X3Y75    activity_reg_reg[0]/C



--------------------------------------------------------------------------------------
Path Group:  (none)
From Clock:  clk
  To Clock:  

Max Delay           161 Endpoints
Min Delay           161 Endpoints
--------------------------------------------------------------------------------------


Max Delay Paths
--------------------------------------------------------------------------------------
Slack:                    inf
  Source:                 dut/tag_out_reg[78]/C
                            (rising edge-triggered cell FDRE clocked by clk  {rise@0.000ns fall@5.000ns period=10.000ns})
  Destination:            tag_o[78]
                            (output port)
  Path Group:             (none)
  Path Type:              Max at Slow Process Corner
  Data Path Delay:        11.952ns  (logic 3.277ns (27.414%)  route 8.676ns (72.586%))
  Logic Levels:           1  (OBUF=1)
  Clock Uncertainty:      0.025ns  ((TSJ^2 + TIJ^2)^1/2 + DJ) / 2 + PE
    Total System Jitter     (TSJ):    0.050ns
    Total Input Jitter      (TIJ):    0.000ns
    Discrete Jitter          (DJ):    0.000ns
    Phase Error              (PE):    0.000ns

    Location             Delay type                Incr(ns)  Path(ns)    Netlist Resource(s)
  -------------------------------------------------------------------    -------------------
                         (clock clk rise edge)        0.000     0.000 r  
    Y11                                               0.000     0.000 r  clk (IN)
                         net (fo=0)                   0.000     0.000    clk
    Y11                  IBUF (Prop_ibuf_I_O)         1.006     1.006 r  clk_IBUF_inst/O
                         net (fo=1, routed)           2.457     3.463    clk_IBUF
    BUFGCTRL_X0Y0        BUFG (Prop_bufg_I_O)         0.096     3.559 r  clk_IBUF_BUFG_inst/O
                         net (fo=618, routed)         1.931     5.490    dut/clk_IBUF_BUFG
    SLICE_X8Y78          FDRE                                         r  dut/tag_out_reg[78]/C
  -------------------------------------------------------------------    -------------------
    SLICE_X8Y78          FDRE (Prop_fdre_C_Q)         0.478     5.968 r  dut/tag_out_reg[78]/Q
                         net (fo=1, routed)           8.676    14.644    tag_o_OBUF[78]
    U7                   OBUF (Prop_obuf_I_O)         2.799    17.442 r  tag_o_OBUF[78]_inst/O
                         net (fo=0)                   0.000    17.442    tag_o[78]
    U7                                                                r  tag_o[78] (OUT)
  -------------------------------------------------------------------    -------------------

Slack:                    inf
  Source:                 dut/tag_out_reg[119]/C
                            (rising edge-triggered cell FDRE clocked by clk  {rise@0.000ns fall@5.000ns period=10.000ns})
  Destination:            tag_o[119]
                            (output port)
  Path Group:             (none)
  Path Type:              Max at Slow Process Corner
  Data Path Delay:        11.764ns  (logic 3.268ns (27.782%)  route 8.496ns (72.218%))
  Logic Levels:           1  (OBUF=1)
  Clock Uncertainty:      0.025ns  ((TSJ^2 + TIJ^2)^1/2 + DJ) / 2 + PE
    Total System Jitter     (TSJ):    0.050ns
    Total Input Jitter      (TIJ):    0.000ns
    Discrete Jitter          (DJ):    0.000ns
    Phase Error              (PE):    0.000ns

    Location             Delay type                Incr(ns)  Path(ns)    Netlist Resource(s)
  -------------------------------------------------------------------    -------------------
                         (clock clk rise edge)        0.000     0.000 r  
    Y11                                               0.000     0.000 r  clk (IN)
                         net (fo=0)                   0.000     0.000    clk
    Y11                  IBUF (Prop_ibuf_I_O)         1.006     1.006 r  clk_IBUF_inst/O
                         net (fo=1, routed)           2.457     3.463    clk_IBUF
    BUFGCTRL_X0Y0        BUFG (Prop_bufg_I_O)         0.096     3.559 r  clk_IBUF_BUFG_inst/O
                         net (fo=618, routed)         1.934     5.493    dut/clk_IBUF_BUFG
    SLICE_X13Y81         FDRE                                         r  dut/tag_out_reg[119]/C
  -------------------------------------------------------------------    -------------------
    SLICE_X13Y81         FDRE (Prop_fdre_C_Q)         0.419     5.912 r  dut/tag_out_reg[119]/Q
                         net (fo=1, routed)           8.496    14.408    tag_o_OBUF[119]
    Y2                   OBUF (Prop_obuf_I_O)         2.849    17.257 r  tag_o_OBUF[119]_inst/O
                         net (fo=0)                   0.000    17.257    tag_o[119]
    Y2                                                                r  tag_o[119] (OUT)
  -------------------------------------------------------------------    -------------------

Slack:                    inf
  Source:                 dut/tag_out_reg[101]/C
                            (rising edge-triggered cell FDRE clocked by clk  {rise@0.000ns fall@5.000ns period=10.000ns})
  Destination:            tag_o[101]
                            (output port)
  Path Group:             (none)
  Path Type:              Max at Slow Process Corner
  Data Path Delay:        11.662ns  (logic 3.226ns (27.663%)  route 8.436ns (72.337%))
  Logic Levels:           1  (OBUF=1)
  Clock Uncertainty:      0.025ns  ((TSJ^2 + TIJ^2)^1/2 + DJ) / 2 + PE
    Total System Jitter     (TSJ):    0.050ns
    Total Input Jitter      (TIJ):    0.000ns
    Discrete Jitter          (DJ):    0.000ns
    Phase Error              (PE):    0.000ns

    Location             Delay type                Incr(ns)  Path(ns)    Netlist Resource(s)
  -------------------------------------------------------------------    -------------------
                         (clock clk rise edge)        0.000     0.000 r  
    Y11                                               0.000     0.000 r  clk (IN)
                         net (fo=0)                   0.000     0.000    clk
    Y11                  IBUF (Prop_ibuf_I_O)         1.006     1.006 r  clk_IBUF_inst/O
                         net (fo=1, routed)           2.457     3.463    clk_IBUF
    BUFGCTRL_X0Y0        BUFG (Prop_bufg_I_O)         0.096     3.559 r  clk_IBUF_BUFG_inst/O
                         net (fo=618, routed)         1.944     5.503    dut/clk_IBUF_BUFG
    SLICE_X9Y92          FDRE                                         r  dut/tag_out_reg[101]/C
  -------------------------------------------------------------------    -------------------
    SLICE_X9Y92          FDRE (Prop_fdre_C_Q)         0.419     5.922 r  dut/tag_out_reg[101]/Q
                         net (fo=1, routed)           8.436    14.358    tag_o_OBUF[101]
    T4                   OBUF (Prop_obuf_I_O)         2.807    17.165 r  tag_o_OBUF[101]_inst/O
                         net (fo=0)                   0.000    17.165    tag_o[101]
    T4                                                                r  tag_o[101] (OUT)
  -------------------------------------------------------------------    -------------------

Slack:                    inf
  Source:                 dut/tag_out_reg[88]/C
                            (rising edge-triggered cell FDRE clocked by clk  {rise@0.000ns fall@5.000ns period=10.000ns})
  Destination:            tag_o[88]
                            (output port)
  Path Group:             (none)
  Path Type:              Max at Slow Process Corner
  Data Path Delay:        11.647ns  (logic 3.262ns (28.008%)  route 8.385ns (71.992%))
  Logic Levels:           1  (OBUF=1)
  Clock Uncertainty:      0.025ns  ((TSJ^2 + TIJ^2)^1/2 + DJ) / 2 + PE
    Total System Jitter     (TSJ):    0.050ns
    Total Input Jitter      (TIJ):    0.000ns
    Discrete Jitter          (DJ):    0.000ns
    Phase Error              (PE):    0.000ns

    Location             Delay type                Incr(ns)  Path(ns)    Netlist Resource(s)
  -------------------------------------------------------------------    -------------------
                         (clock clk rise edge)        0.000     0.000 r  
    Y11                                               0.000     0.000 r  clk (IN)
                         net (fo=0)                   0.000     0.000    clk
    Y11                  IBUF (Prop_ibuf_I_O)         1.006     1.006 r  clk_IBUF_inst/O
                         net (fo=1, routed)           2.457     3.463    clk_IBUF
    BUFGCTRL_X0Y0        BUFG (Prop_bufg_I_O)         0.096     3.559 r  clk_IBUF_BUFG_inst/O
                         net (fo=618, routed)         1.944     5.503    dut/clk_IBUF_BUFG
    SLICE_X9Y91          FDRE                                         r  dut/tag_out_reg[88]/C
  -------------------------------------------------------------------    -------------------
    SLICE_X9Y91          FDRE (Prop_fdre_C_Q)         0.419     5.922 r  dut/tag_out_reg[88]/Q
                         net (fo=1, routed)           8.385    14.307    tag_o_OBUF[88]
    AB7                  OBUF (Prop_obuf_I_O)         2.843    17.150 r  tag_o_OBUF[88]_inst/O
                         net (fo=0)                   0.000    17.150    tag_o[88]
    AB7                                                               r  tag_o[88] (OUT)
  -------------------------------------------------------------------    -------------------

Slack:                    inf
  Source:                 dut/tag_out_reg[104]/C
                            (rising edge-triggered cell FDRE clocked by clk  {rise@0.000ns fall@5.000ns period=10.000ns})
  Destination:            tag_o[104]
                            (output port)
  Path Group:             (none)
  Path Type:              Max at Slow Process Corner
  Data Path Delay:        11.637ns  (logic 3.111ns (26.730%)  route 8.527ns (73.270%))
  Logic Levels:           1  (OBUF=1)
  Clock Uncertainty:      0.025ns  ((TSJ^2 + TIJ^2)^1/2 + DJ) / 2 + PE
    Total System Jitter     (TSJ):    0.050ns
    Total Input Jitter      (TIJ):    0.000ns
    Discrete Jitter          (DJ):    0.000ns
    Phase Error              (PE):    0.000ns

    Location             Delay type                Incr(ns)  Path(ns)    Netlist Resource(s)
  -------------------------------------------------------------------    -------------------
                         (clock clk rise edge)        0.000     0.000 r  
    Y11                                               0.000     0.000 r  clk (IN)
                         net (fo=0)                   0.000     0.000    clk
    Y11                  IBUF (Prop_ibuf_I_O)         1.006     1.006 r  clk_IBUF_inst/O
                         net (fo=1, routed)           2.457     3.463    clk_IBUF
    BUFGCTRL_X0Y0        BUFG (Prop_bufg_I_O)         0.096     3.559 r  clk_IBUF_BUFG_inst/O
                         net (fo=618, routed)         1.945     5.504    dut/clk_IBUF_BUFG
    SLICE_X11Y90         FDRE                                         r  dut/tag_out_reg[104]/C
  -------------------------------------------------------------------    -------------------
    SLICE_X11Y90         FDRE (Prop_fdre_C_Q)         0.456     5.960 r  dut/tag_out_reg[104]/Q
                         net (fo=1, routed)           8.527    14.487    tag_o_OBUF[104]
    V4                   OBUF (Prop_obuf_I_O)         2.655    17.141 r  tag_o_OBUF[104]_inst/O
                         net (fo=0)                   0.000    17.141    tag_o[104]
    V4                                                                r  tag_o[104] (OUT)
  -------------------------------------------------------------------    -------------------

Slack:                    inf
  Source:                 dut/tag_out_reg[97]/C
                            (rising edge-triggered cell FDRE clocked by clk  {rise@0.000ns fall@5.000ns period=10.000ns})
  Destination:            tag_o[97]
                            (output port)
  Path Group:             (none)
  Path Type:              Max at Slow Process Corner
  Data Path Delay:        11.608ns  (logic 3.244ns (27.947%)  route 8.364ns (72.053%))
  Logic Levels:           1  (OBUF=1)
  Clock Uncertainty:      0.025ns  ((TSJ^2 + TIJ^2)^1/2 + DJ) / 2 + PE
    Total System Jitter     (TSJ):    0.050ns
    Total Input Jitter      (TIJ):    0.000ns
    Discrete Jitter          (DJ):    0.000ns
    Phase Error              (PE):    0.000ns

    Location             Delay type                Incr(ns)  Path(ns)    Netlist Resource(s)
  -------------------------------------------------------------------    -------------------
                         (clock clk rise edge)        0.000     0.000 r  
    Y11                                               0.000     0.000 r  clk (IN)
                         net (fo=0)                   0.000     0.000    clk
    Y11                  IBUF (Prop_ibuf_I_O)         1.006     1.006 r  clk_IBUF_inst/O
                         net (fo=1, routed)           2.457     3.463    clk_IBUF
    BUFGCTRL_X0Y0        BUFG (Prop_bufg_I_O)         0.096     3.559 r  clk_IBUF_BUFG_inst/O
                         net (fo=618, routed)         1.943     5.502    dut/clk_IBUF_BUFG
    SLICE_X15Y90         FDRE                                         r  dut/tag_out_reg[97]/C
  -------------------------------------------------------------------    -------------------
    SLICE_X15Y90         FDRE (Prop_fdre_C_Q)         0.419     5.921 r  dut/tag_out_reg[97]/Q
                         net (fo=1, routed)           8.364    14.285    tag_o_OBUF[97]
    W5                   OBUF (Prop_obuf_I_O)         2.825    17.110 r  tag_o_OBUF[97]_inst/O
                         net (fo=0)                   0.000    17.110    tag_o[97]
    W5                                                                r  tag_o[97] (OUT)
  -------------------------------------------------------------------    -------------------

Slack:                    inf
  Source:                 dut/tag_out_reg[125]/C
                            (rising edge-triggered cell FDRE clocked by clk  {rise@0.000ns fall@5.000ns period=10.000ns})
  Destination:            tag_o[125]
                            (output port)
  Path Group:             (none)
  Path Type:              Max at Slow Process Corner
  Data Path Delay:        11.605ns  (logic 3.306ns (28.484%)  route 8.299ns (71.516%))
  Logic Levels:           1  (OBUF=1)
  Clock Uncertainty:      0.025ns  ((TSJ^2 + TIJ^2)^1/2 + DJ) / 2 + PE
    Total System Jitter     (TSJ):    0.050ns
    Total Input Jitter      (TIJ):    0.000ns
    Discrete Jitter          (DJ):    0.000ns
    Phase Error              (PE):    0.000ns

    Location             Delay type                Incr(ns)  Path(ns)    Netlist Resource(s)
  -------------------------------------------------------------------    -------------------
                         (clock clk rise edge)        0.000     0.000 r  
    Y11                                               0.000     0.000 r  clk (IN)
                         net (fo=0)                   0.000     0.000    clk
    Y11                  IBUF (Prop_ibuf_I_O)         1.006     1.006 r  clk_IBUF_inst/O
                         net (fo=1, routed)           2.457     3.463    clk_IBUF
    BUFGCTRL_X0Y0        BUFG (Prop_bufg_I_O)         0.096     3.559 r  clk_IBUF_BUFG_inst/O
                         net (fo=618, routed)         1.940     5.499    dut/clk_IBUF_BUFG
    SLICE_X20Y87         FDRE                                         r  dut/tag_out_reg[125]/C
  -------------------------------------------------------------------    -------------------
    SLICE_X20Y87         FDRE (Prop_fdre_C_Q)         0.478     5.977 r  dut/tag_out_reg[125]/Q
                         net (fo=1, routed)           8.299    14.276    tag_o_OBUF[125]
    U1                   OBUF (Prop_obuf_I_O)         2.828    17.104 r  tag_o_OBUF[125]_inst/O
                         net (fo=0)                   0.000    17.104    tag_o[125]
    U1                                                                r  tag_o[125] (OUT)
  -------------------------------------------------------------------    -------------------

Slack:                    inf
  Source:                 dut/tag_out_reg[113]/C
                            (rising edge-triggered cell FDRE clocked by clk  {rise@0.000ns fall@5.000ns period=10.000ns})
  Destination:            tag_o[113]
                            (output port)
  Path Group:             (none)
  Path Type:              Max at Slow Process Corner
  Data Path Delay:        11.593ns  (logic 3.284ns (28.328%)  route 8.309ns (71.672%))
  Logic Levels:           1  (OBUF=1)
  Clock Uncertainty:      0.025ns  ((TSJ^2 + TIJ^2)^1/2 + DJ) / 2 + PE
    Total System Jitter     (TSJ):    0.050ns
    Total Input Jitter      (TIJ):    0.000ns
    Discrete Jitter          (DJ):    0.000ns
    Phase Error              (PE):    0.000ns

    Location             Delay type                Incr(ns)  Path(ns)    Netlist Resource(s)
  -------------------------------------------------------------------    -------------------
                         (clock clk rise edge)        0.000     0.000 r  
    Y11                                               0.000     0.000 r  clk (IN)
                         net (fo=0)                   0.000     0.000    clk
    Y11                  IBUF (Prop_ibuf_I_O)         1.006     1.006 r  clk_IBUF_inst/O
                         net (fo=1, routed)           2.457     3.463    clk_IBUF
    BUFGCTRL_X0Y0        BUFG (Prop_bufg_I_O)         0.096     3.559 r  clk_IBUF_BUFG_inst/O
                         net (fo=618, routed)         1.941     5.500    dut/clk_IBUF_BUFG
    SLICE_X13Y87         FDRE                                         r  dut/tag_out_reg[113]/C
  -------------------------------------------------------------------    -------------------
    SLICE_X13Y87         FDRE (Prop_fdre_C_Q)         0.419     5.919 r  dut/tag_out_reg[113]/Q
                         net (fo=1, routed)           8.309    14.228    tag_o_OBUF[113]
    AB1                  OBUF (Prop_obuf_I_O)         2.865    17.093 r  tag_o_OBUF[113]_inst/O
                         net (fo=0)                   0.000    17.093    tag_o[113]
    AB1                                                               r  tag_o[113] (OUT)
  -------------------------------------------------------------------    -------------------

Slack:                    inf
  Source:                 dut/tag_out_reg[115]/C
                            (rising edge-triggered cell FDRE clocked by clk  {rise@0.000ns fall@5.000ns period=10.000ns})
  Destination:            tag_o[115]
                            (output port)
  Path Group:             (none)
  Path Type:              Max at Slow Process Corner
  Data Path Delay:        11.555ns  (logic 3.306ns (28.610%)  route 8.249ns (71.390%))
  Logic Levels:           1  (OBUF=1)
  Clock Uncertainty:      0.025ns  ((TSJ^2 + TIJ^2)^1/2 + DJ) / 2 + PE
    Total System Jitter     (TSJ):    0.050ns
    Total Input Jitter      (TIJ):    0.000ns
    Discrete Jitter          (DJ):    0.000ns
    Phase Error              (PE):    0.000ns

    Location             Delay type                Incr(ns)  Path(ns)    Netlist Resource(s)
  -------------------------------------------------------------------    -------------------
                         (clock clk rise edge)        0.000     0.000 r  
    Y11                                               0.000     0.000 r  clk (IN)
                         net (fo=0)                   0.000     0.000    clk
    Y11                  IBUF (Prop_ibuf_I_O)         1.006     1.006 r  clk_IBUF_inst/O
                         net (fo=1, routed)           2.457     3.463    clk_IBUF
    BUFGCTRL_X0Y0        BUFG (Prop_bufg_I_O)         0.096     3.559 r  clk_IBUF_BUFG_inst/O
                         net (fo=618, routed)         1.940     5.499    dut/clk_IBUF_BUFG
    SLICE_X18Y86         FDRE                                         r  dut/tag_out_reg[115]/C
  -------------------------------------------------------------------    -------------------
    SLICE_X18Y86         FDRE (Prop_fdre_C_Q)         0.478     5.977 r  dut/tag_out_reg[115]/Q
                         net (fo=1, routed)           8.249    14.226    tag_o_OBUF[115]
    V3                   OBUF (Prop_obuf_I_O)         2.828    17.054 r  tag_o_OBUF[115]_inst/O
                         net (fo=0)                   0.000    17.054    tag_o[115]
    V3                                                                r  tag_o[115] (OUT)
  -------------------------------------------------------------------    -------------------

Slack:                    inf
  Source:                 dut/tag_out_reg[85]/C
                            (rising edge-triggered cell FDRE clocked by clk  {rise@0.000ns fall@5.000ns period=10.000ns})
  Destination:            tag_o[85]
                            (output port)
  Path Group:             (none)
  Path Type:              Max at Slow Process Corner
  Data Path Delay:        11.549ns  (logic 3.169ns (27.437%)  route 8.380ns (72.563%))
  Logic Levels:           1  (OBUF=1)
  Clock Uncertainty:      0.025ns  ((TSJ^2 + TIJ^2)^1/2 + DJ) / 2 + PE
    Total System Jitter     (TSJ):    0.050ns
    Total Input Jitter      (TIJ):    0.000ns
    Discrete Jitter          (DJ):    0.000ns
    Phase Error              (PE):    0.000ns

    Location             Delay type                Incr(ns)  Path(ns)    Netlist Resource(s)
  -------------------------------------------------------------------    -------------------
                         (clock clk rise edge)        0.000     0.000 r  
    Y11                                               0.000     0.000 r  clk (IN)
                         net (fo=0)                   0.000     0.000    clk
    Y11                  IBUF (Prop_ibuf_I_O)         1.006     1.006 r  clk_IBUF_inst/O
                         net (fo=1, routed)           2.457     3.463    clk_IBUF
    BUFGCTRL_X0Y0        BUFG (Prop_bufg_I_O)         0.096     3.559 r  clk_IBUF_BUFG_inst/O
                         net (fo=618, routed)         1.942     5.501    dut/clk_IBUF_BUFG
    SLICE_X8Y88          FDRE                                         r  dut/tag_out_reg[85]/C
  -------------------------------------------------------------------    -------------------
    SLICE_X8Y88          FDRE (Prop_fdre_C_Q)         0.518     6.019 r  dut/tag_out_reg[85]/Q
                         net (fo=1, routed)           8.380    14.399    tag_o_OBUF[85]
    V8                   OBUF (Prop_obuf_I_O)         2.651    17.050 r  tag_o_OBUF[85]_inst/O
                         net (fo=0)                   0.000    17.050    tag_o[85]
    V8                                                                r  tag_o[85] (OUT)
  -------------------------------------------------------------------    -------------------





Min Delay Paths
--------------------------------------------------------------------------------------
Slack:                    inf
  Source:                 activity_reg_reg[21]/C
                            (rising edge-triggered cell FDRE clocked by clk  {rise@0.000ns fall@5.000ns period=10.000ns})
  Destination:            activity_o[21]
                            (output port)
  Path Group:             (none)
  Path Type:              Min at Fast Process Corner
  Data Path Delay:        1.623ns  (logic 1.329ns (81.907%)  route 0.294ns (18.093%))
  Logic Levels:           1  (OBUF=1)
  Clock Uncertainty:      0.025ns  ((TSJ^2 + TIJ^2)^1/2 + DJ) / 2 + PE
    Total System Jitter     (TSJ):    0.050ns
    Total Input Jitter      (TIJ):    0.000ns
    Discrete Jitter          (DJ):    0.000ns
    Phase Error              (PE):    0.000ns

    Location             Delay type                Incr(ns)  Path(ns)    Netlist Resource(s)
  -------------------------------------------------------------------    -------------------
                         (clock clk rise edge)        0.000     0.000 r  
    Y11                                               0.000     0.000 r  clk (IN)
                         net (fo=0)                   0.000     0.000    clk
    Y11                  IBUF (Prop_ibuf_I_O)         0.235     0.235 r  clk_IBUF_inst/O
                         net (fo=1, routed)           0.843     1.078    clk_IBUF
    BUFGCTRL_X0Y0        BUFG (Prop_bufg_I_O)         0.026     1.104 r  clk_IBUF_BUFG_inst/O
                         net (fo=618, routed)         0.720     1.824    clk_IBUF_BUFG
    SLICE_X1Y87          FDRE                                         r  activity_reg_reg[21]/C
  -------------------------------------------------------------------    -------------------
    SLICE_X1Y87          FDRE (Prop_fdre_C_Q)         0.141     1.965 r  activity_reg_reg[21]/Q
                         net (fo=2, routed)           0.294     2.258    activity_o_OBUF[21]
    Y14                  OBUF (Prop_obuf_I_O)         1.188     3.447 r  activity_o_OBUF[21]_inst/O
                         net (fo=0)                   0.000     3.447    activity_o[21]
    Y14                                                               r  activity_o[21] (OUT)
  -------------------------------------------------------------------    -------------------

Slack:                    inf
  Source:                 activity_reg_reg[13]/C
                            (rising edge-triggered cell FDRE clocked by clk  {rise@0.000ns fall@5.000ns period=10.000ns})
  Destination:            activity_o[13]
                            (output port)
  Path Group:             (none)
  Path Type:              Min at Fast Process Corner
  Data Path Delay:        1.641ns  (logic 1.344ns (81.886%)  route 0.297ns (18.114%))
  Logic Levels:           1  (OBUF=1)
  Clock Uncertainty:      0.025ns  ((TSJ^2 + TIJ^2)^1/2 + DJ) / 2 + PE
    Total System Jitter     (TSJ):    0.050ns
    Total Input Jitter      (TIJ):    0.000ns
    Discrete Jitter          (DJ):    0.000ns
    Phase Error              (PE):    0.000ns

    Location             Delay type                Incr(ns)  Path(ns)    Netlist Resource(s)
  -------------------------------------------------------------------    -------------------
                         (clock clk rise edge)        0.000     0.000 r  
    Y11                                               0.000     0.000 r  clk (IN)
                         net (fo=0)                   0.000     0.000    clk
    Y11                  IBUF (Prop_ibuf_I_O)         0.235     0.235 r  clk_IBUF_inst/O
                         net (fo=1, routed)           0.843     1.078    clk_IBUF
    BUFGCTRL_X0Y0        BUFG (Prop_bufg_I_O)         0.026     1.104 r  clk_IBUF_BUFG_inst/O
                         net (fo=618, routed)         0.714     1.818    clk_IBUF_BUFG
    SLICE_X0Y79          FDRE                                         r  activity_reg_reg[13]/C
  -------------------------------------------------------------------    -------------------
    SLICE_X0Y79          FDRE (Prop_fdre_C_Q)         0.141     1.959 r  activity_reg_reg[13]/Q
                         net (fo=2, routed)           0.297     2.256    activity_o_OBUF[13]
    W10                  OBUF (Prop_obuf_I_O)         1.203     3.459 r  activity_o_OBUF[13]_inst/O
                         net (fo=0)                   0.000     3.459    activity_o[13]
    W10                                                               r  activity_o[13] (OUT)
  -------------------------------------------------------------------    -------------------

Slack:                    inf
  Source:                 activity_reg_reg[23]/C
                            (rising edge-triggered cell FDRE clocked by clk  {rise@0.000ns fall@5.000ns period=10.000ns})
  Destination:            activity_o[23]
                            (output port)
  Path Group:             (none)
  Path Type:              Min at Fast Process Corner
  Data Path Delay:        1.654ns  (logic 1.326ns (80.128%)  route 0.329ns (19.872%))
  Logic Levels:           1  (OBUF=1)
  Clock Uncertainty:      0.025ns  ((TSJ^2 + TIJ^2)^1/2 + DJ) / 2 + PE
    Total System Jitter     (TSJ):    0.050ns
    Total Input Jitter      (TIJ):    0.000ns
    Discrete Jitter          (DJ):    0.000ns
    Phase Error              (PE):    0.000ns

    Location             Delay type                Incr(ns)  Path(ns)    Netlist Resource(s)
  -------------------------------------------------------------------    -------------------
                         (clock clk rise edge)        0.000     0.000 r  
    Y11                                               0.000     0.000 r  clk (IN)
                         net (fo=0)                   0.000     0.000    clk
    Y11                  IBUF (Prop_ibuf_I_O)         0.235     0.235 r  clk_IBUF_inst/O
                         net (fo=1, routed)           0.843     1.078    clk_IBUF
    BUFGCTRL_X0Y0        BUFG (Prop_bufg_I_O)         0.026     1.104 r  clk_IBUF_BUFG_inst/O
                         net (fo=618, routed)         0.720     1.824    clk_IBUF_BUFG
    SLICE_X1Y87          FDRE                                         r  activity_reg_reg[23]/C
  -------------------------------------------------------------------    -------------------
    SLICE_X1Y87          FDRE (Prop_fdre_C_Q)         0.141     1.965 r  activity_reg_reg[23]/Q
                         net (fo=2, routed)           0.329     2.293    activity_o_OBUF[23]
    AA14                 OBUF (Prop_obuf_I_O)         1.185     3.478 r  activity_o_OBUF[23]_inst/O
                         net (fo=0)                   0.000     3.478    activity_o[23]
    AA14                                                              r  activity_o[23] (OUT)
  -------------------------------------------------------------------    -------------------

Slack:                    inf
  Source:                 activity_reg_reg[24]/C
                            (rising edge-triggered cell FDRE clocked by clk  {rise@0.000ns fall@5.000ns period=10.000ns})
  Destination:            activity_o[24]
                            (output port)
  Path Group:             (none)
  Path Type:              Min at Fast Process Corner
  Data Path Delay:        1.667ns  (logic 1.329ns (79.720%)  route 0.338ns (20.280%))
  Logic Levels:           1  (OBUF=1)
  Clock Uncertainty:      0.025ns  ((TSJ^2 + TIJ^2)^1/2 + DJ) / 2 + PE
    Total System Jitter     (TSJ):    0.050ns
    Total Input Jitter      (TIJ):    0.000ns
    Discrete Jitter          (DJ):    0.000ns
    Phase Error              (PE):    0.000ns

    Location             Delay type                Incr(ns)  Path(ns)    Netlist Resource(s)
  -------------------------------------------------------------------    -------------------
                         (clock clk rise edge)        0.000     0.000 r  
    Y11                                               0.000     0.000 r  clk (IN)
                         net (fo=0)                   0.000     0.000    clk
    Y11                  IBUF (Prop_ibuf_I_O)         0.235     0.235 r  clk_IBUF_inst/O
                         net (fo=1, routed)           0.843     1.078    clk_IBUF
    BUFGCTRL_X0Y0        BUFG (Prop_bufg_I_O)         0.026     1.104 r  clk_IBUF_BUFG_inst/O
                         net (fo=618, routed)         0.721     1.825    clk_IBUF_BUFG
    SLICE_X1Y89          FDRE                                         r  activity_reg_reg[24]/C
  -------------------------------------------------------------------    -------------------
    SLICE_X1Y89          FDRE (Prop_fdre_C_Q)         0.141     1.966 r  activity_reg_reg[24]/Q
                         net (fo=2, routed)           0.338     2.304    activity_o_OBUF[24]
    Y13                  OBUF (Prop_obuf_I_O)         1.188     3.492 r  activity_o_OBUF[24]_inst/O
                         net (fo=0)                   0.000     3.492    activity_o[24]
    Y13                                                               r  activity_o[24] (OUT)
  -------------------------------------------------------------------    -------------------

Slack:                    inf
  Source:                 activity_reg_reg[16]/C
                            (rising edge-triggered cell FDRE clocked by clk  {rise@0.000ns fall@5.000ns period=10.000ns})
  Destination:            activity_o[16]
                            (output port)
  Path Group:             (none)
  Path Type:              Min at Fast Process Corner
  Data Path Delay:        1.673ns  (logic 1.339ns (80.032%)  route 0.334ns (19.968%))
  Logic Levels:           1  (OBUF=1)
  Clock Uncertainty:      0.025ns  ((TSJ^2 + TIJ^2)^1/2 + DJ) / 2 + PE
    Total System Jitter     (TSJ):    0.050ns
    Total Input Jitter      (TIJ):    0.000ns
    Discrete Jitter          (DJ):    0.000ns
    Phase Error              (PE):    0.000ns

    Location             Delay type                Incr(ns)  Path(ns)    Netlist Resource(s)
  -------------------------------------------------------------------    -------------------
                         (clock clk rise edge)        0.000     0.000 r  
    Y11                                               0.000     0.000 r  clk (IN)
                         net (fo=0)                   0.000     0.000    clk
    Y11                  IBUF (Prop_ibuf_I_O)         0.235     0.235 r  clk_IBUF_inst/O
                         net (fo=1, routed)           0.843     1.078    clk_IBUF
    BUFGCTRL_X0Y0        BUFG (Prop_bufg_I_O)         0.026     1.104 r  clk_IBUF_BUFG_inst/O
                         net (fo=618, routed)         0.716     1.820    clk_IBUF_BUFG
    SLICE_X0Y81          FDRE                                         r  activity_reg_reg[16]/C
  -------------------------------------------------------------------    -------------------
    SLICE_X0Y81          FDRE (Prop_fdre_C_Q)         0.141     1.961 r  activity_reg_reg[16]/Q
                         net (fo=2, routed)           0.334     2.295    activity_o_OBUF[16]
    AA10                 OBUF (Prop_obuf_I_O)         1.198     3.493 r  activity_o_OBUF[16]_inst/O
                         net (fo=0)                   0.000     3.493    activity_o[16]
    AA10                                                              r  activity_o[16] (OUT)
  -------------------------------------------------------------------    -------------------

Slack:                    inf
  Source:                 activity_reg_reg[14]/C
                            (rising edge-triggered cell FDRE clocked by clk  {rise@0.000ns fall@5.000ns period=10.000ns})
  Destination:            activity_o[14]
                            (output port)
  Path Group:             (none)
  Path Type:              Min at Fast Process Corner
  Data Path Delay:        1.684ns  (logic 1.346ns (79.933%)  route 0.338ns (20.067%))
  Logic Levels:           1  (OBUF=1)
  Clock Uncertainty:      0.025ns  ((TSJ^2 + TIJ^2)^1/2 + DJ) / 2 + PE
    Total System Jitter     (TSJ):    0.050ns
    Total Input Jitter      (TIJ):    0.000ns
    Discrete Jitter          (DJ):    0.000ns
    Phase Error              (PE):    0.000ns

    Location             Delay type                Incr(ns)  Path(ns)    Netlist Resource(s)
  -------------------------------------------------------------------    -------------------
                         (clock clk rise edge)        0.000     0.000 r  
    Y11                                               0.000     0.000 r  clk (IN)
                         net (fo=0)                   0.000     0.000    clk
    Y11                  IBUF (Prop_ibuf_I_O)         0.235     0.235 r  clk_IBUF_inst/O
                         net (fo=1, routed)           0.843     1.078    clk_IBUF
    BUFGCTRL_X0Y0        BUFG (Prop_bufg_I_O)         0.026     1.104 r  clk_IBUF_BUFG_inst/O
                         net (fo=618, routed)         0.714     1.818    clk_IBUF_BUFG
    SLICE_X0Y79          FDRE                                         r  activity_reg_reg[14]/C
  -------------------------------------------------------------------    -------------------
    SLICE_X0Y79          FDRE (Prop_fdre_C_Q)         0.141     1.959 r  activity_reg_reg[14]/Q
                         net (fo=2, routed)           0.338     2.297    activity_o_OBUF[14]
    V10                  OBUF (Prop_obuf_I_O)         1.205     3.502 r  activity_o_OBUF[14]_inst/O
                         net (fo=0)                   0.000     3.502    activity_o[14]
    V10                                                               r  activity_o[14] (OUT)
  -------------------------------------------------------------------    -------------------

Slack:                    inf
  Source:                 activity_reg_reg[22]/C
                            (rising edge-triggered cell FDRE clocked by clk  {rise@0.000ns fall@5.000ns period=10.000ns})
  Destination:            activity_o[22]
                            (output port)
  Path Group:             (none)
  Path Type:              Min at Fast Process Corner
  Data Path Delay:        1.680ns  (logic 1.322ns (78.705%)  route 0.358ns (21.295%))
  Logic Levels:           1  (OBUF=1)
  Clock Uncertainty:      0.025ns  ((TSJ^2 + TIJ^2)^1/2 + DJ) / 2 + PE
    Total System Jitter     (TSJ):    0.050ns
    Total Input Jitter      (TIJ):    0.000ns
    Discrete Jitter          (DJ):    0.000ns
    Phase Error              (PE):    0.000ns

    Location             Delay type                Incr(ns)  Path(ns)    Netlist Resource(s)
  -------------------------------------------------------------------    -------------------
                         (clock clk rise edge)        0.000     0.000 r  
    Y11                                               0.000     0.000 r  clk (IN)
                         net (fo=0)                   0.000     0.000    clk
    Y11                  IBUF (Prop_ibuf_I_O)         0.235     0.235 r  clk_IBUF_inst/O
                         net (fo=1, routed)           0.843     1.078    clk_IBUF
    BUFGCTRL_X0Y0        BUFG (Prop_bufg_I_O)         0.026     1.104 r  clk_IBUF_BUFG_inst/O
                         net (fo=618, routed)         0.719     1.823    clk_IBUF_BUFG
    SLICE_X0Y86          FDRE                                         r  activity_reg_reg[22]/C
  -------------------------------------------------------------------    -------------------
    SLICE_X0Y86          FDRE (Prop_fdre_C_Q)         0.141     1.964 r  activity_reg_reg[22]/Q
                         net (fo=2, routed)           0.358     2.321    activity_o_OBUF[22]
    W14                  OBUF (Prop_obuf_I_O)         1.181     3.502 r  activity_o_OBUF[22]_inst/O
                         net (fo=0)                   0.000     3.502    activity_o[22]
    W14                                                               r  activity_o[22] (OUT)
  -------------------------------------------------------------------    -------------------

Slack:                    inf
  Source:                 activity_reg_reg[18]/C
                            (rising edge-triggered cell FDRE clocked by clk  {rise@0.000ns fall@5.000ns period=10.000ns})
  Destination:            activity_o[18]
                            (output port)
  Path Group:             (none)
  Path Type:              Min at Fast Process Corner
  Data Path Delay:        1.685ns  (logic 1.355ns (80.388%)  route 0.331ns (19.612%))
  Logic Levels:           1  (OBUF=1)
  Clock Uncertainty:      0.025ns  ((TSJ^2 + TIJ^2)^1/2 + DJ) / 2 + PE
    Total System Jitter     (TSJ):    0.050ns
    Total Input Jitter      (TIJ):    0.000ns
    Discrete Jitter          (DJ):    0.000ns
    Phase Error              (PE):    0.000ns

    Location             Delay type                Incr(ns)  Path(ns)    Netlist Resource(s)
  -------------------------------------------------------------------    -------------------
                         (clock clk rise edge)        0.000     0.000 r  
    Y11                                               0.000     0.000 r  clk (IN)
                         net (fo=0)                   0.000     0.000    clk
    Y11                  IBUF (Prop_ibuf_I_O)         0.235     0.235 r  clk_IBUF_inst/O
                         net (fo=1, routed)           0.843     1.078    clk_IBUF
    BUFGCTRL_X0Y0        BUFG (Prop_bufg_I_O)         0.026     1.104 r  clk_IBUF_BUFG_inst/O
                         net (fo=618, routed)         0.718     1.822    clk_IBUF_BUFG
    SLICE_X1Y83          FDRE                                         r  activity_reg_reg[18]/C
  -------------------------------------------------------------------    -------------------
    SLICE_X1Y83          FDRE (Prop_fdre_C_Q)         0.141     1.963 r  activity_reg_reg[18]/Q
                         net (fo=2, routed)           0.331     2.293    activity_o_OBUF[18]
    AA9                  OBUF (Prop_obuf_I_O)         1.214     3.507 r  activity_o_OBUF[18]_inst/O
                         net (fo=0)                   0.000     3.507    activity_o[18]
    AA9                                                               r  activity_o[18] (OUT)
  -------------------------------------------------------------------    -------------------

Slack:                    inf
  Source:                 activity_reg_reg[15]/C
                            (rising edge-triggered cell FDRE clocked by clk  {rise@0.000ns fall@5.000ns period=10.000ns})
  Destination:            activity_o[15]
                            (output port)
  Path Group:             (none)
  Path Type:              Min at Fast Process Corner
  Data Path Delay:        1.689ns  (logic 1.338ns (79.214%)  route 0.351ns (20.786%))
  Logic Levels:           1  (OBUF=1)
  Clock Uncertainty:      0.025ns  ((TSJ^2 + TIJ^2)^1/2 + DJ) / 2 + PE
    Total System Jitter     (TSJ):    0.050ns
    Total Input Jitter      (TIJ):    0.000ns
    Discrete Jitter          (DJ):    0.000ns
    Phase Error              (PE):    0.000ns

    Location             Delay type                Incr(ns)  Path(ns)    Netlist Resource(s)
  -------------------------------------------------------------------    -------------------
                         (clock clk rise edge)        0.000     0.000 r  
    Y11                                               0.000     0.000 r  clk (IN)
                         net (fo=0)                   0.000     0.000    clk
    Y11                  IBUF (Prop_ibuf_I_O)         0.235     0.235 r  clk_IBUF_inst/O
                         net (fo=1, routed)           0.843     1.078    clk_IBUF
    BUFGCTRL_X0Y0        BUFG (Prop_bufg_I_O)         0.026     1.104 r  clk_IBUF_BUFG_inst/O
                         net (fo=618, routed)         0.717     1.821    clk_IBUF_BUFG
    SLICE_X0Y82          FDRE                                         r  activity_reg_reg[15]/C
  -------------------------------------------------------------------    -------------------
    SLICE_X0Y82          FDRE (Prop_fdre_C_Q)         0.141     1.962 r  activity_reg_reg[15]/Q
                         net (fo=2, routed)           0.351     2.313    activity_o_OBUF[15]
    AA11                 OBUF (Prop_obuf_I_O)         1.197     3.510 r  activity_o_OBUF[15]_inst/O
                         net (fo=0)                   0.000     3.510    activity_o[15]
    AA11                                                              r  activity_o[15] (OUT)
  -------------------------------------------------------------------    -------------------

Slack:                    inf
  Source:                 activity_reg_reg[25]/C
                            (rising edge-triggered cell FDRE clocked by clk  {rise@0.000ns fall@5.000ns period=10.000ns})
  Destination:            activity_o[25]
                            (output port)
  Path Group:             (none)
  Path Type:              Min at Fast Process Corner
  Data Path Delay:        1.690ns  (logic 1.353ns (80.049%)  route 0.337ns (19.951%))
  Logic Levels:           1  (OBUF=1)
  Clock Uncertainty:      0.025ns  ((TSJ^2 + TIJ^2)^1/2 + DJ) / 2 + PE
    Total System Jitter     (TSJ):    0.050ns
    Total Input Jitter      (TIJ):    0.000ns
    Discrete Jitter          (DJ):    0.000ns
    Phase Error              (PE):    0.000ns

    Location             Delay type                Incr(ns)  Path(ns)    Netlist Resource(s)
  -------------------------------------------------------------------    -------------------
                         (clock clk rise edge)        0.000     0.000 r  
    Y11                                               0.000     0.000 r  clk (IN)
                         net (fo=0)                   0.000     0.000    clk
    Y11                  IBUF (Prop_ibuf_I_O)         0.235     0.235 r  clk_IBUF_inst/O
                         net (fo=1, routed)           0.843     1.078    clk_IBUF
    BUFGCTRL_X0Y0        BUFG (Prop_bufg_I_O)         0.026     1.104 r  clk_IBUF_BUFG_inst/O
                         net (fo=618, routed)         0.722     1.826    clk_IBUF_BUFG
    SLICE_X2Y90          FDRE                                         r  activity_reg_reg[25]/C
  -------------------------------------------------------------------    -------------------
    SLICE_X2Y90          FDRE (Prop_fdre_C_Q)         0.164     1.990 r  activity_reg_reg[25]/Q
                         net (fo=2, routed)           0.337     2.327    activity_o_OBUF[25]
    AB15                 OBUF (Prop_obuf_I_O)         1.189     3.515 r  activity_o_OBUF[25]_inst/O
                         net (fo=0)                   0.000     3.515    activity_o[25]
    AB15                                                              r  activity_o[25] (OUT)
  -------------------------------------------------------------------    -------------------





--------------------------------------------------------------------------------------
Path Group:  (none)
From Clock:  
  To Clock:  clk

Max Delay           618 Endpoints
Min Delay           618 Endpoints
--------------------------------------------------------------------------------------


Max Delay Paths
--------------------------------------------------------------------------------------
Slack:                    inf
  Source:                 rst
                            (input port)
  Destination:            dut/x2_reg[57]/R
                            (rising edge-triggered cell FDRE clocked by clk  {rise@0.000ns fall@5.000ns period=10.000ns})
  Path Group:             (none)
  Path Type:              Setup (Max at Slow Process Corner)
  Data Path Delay:        6.037ns  (logic 0.996ns (16.505%)  route 5.041ns (83.495%))
  Logic Levels:           1  (IBUF=1)
  Clock Path Skew:        5.100ns (DCD - SCD + CPR)
    Destination Clock Delay (DCD):    5.100ns
    Source Clock Delay      (SCD):    0.000ns
    Clock Pessimism Removal (CPR):    0.000ns
  Clock Uncertainty:      0.025ns  ((TSJ^2 + TIJ^2)^1/2 + DJ) / 2 + PE
    Total System Jitter     (TSJ):    0.050ns
    Total Input Jitter      (TIJ):    0.000ns
    Discrete Jitter          (DJ):    0.000ns
    Phase Error              (PE):    0.000ns

    Location             Delay type                Incr(ns)  Path(ns)    Netlist Resource(s)
  -------------------------------------------------------------------    -------------------
    Y17                                               0.000     0.000 r  rst (IN)
                         net (fo=0)                   0.000     0.000    rst
    Y17                  IBUF (Prop_ibuf_I_O)         0.996     0.996 r  rst_IBUF_inst/O
                         net (fo=618, routed)         5.041     6.037    dut/rst_IBUF
    SLICE_X14Y76         FDRE                                         r  dut/x2_reg[57]/R
  -------------------------------------------------------------------    -------------------

                         (clock clk rise edge)        0.000     0.000 r  
    Y11                                               0.000     0.000 r  clk (IN)
                         net (fo=0)                   0.000     0.000    clk
    Y11                  IBUF (Prop_ibuf_I_O)         0.872     0.872 r  clk_IBUF_inst/O
                         net (fo=1, routed)           2.334     3.206    clk_IBUF
    BUFGCTRL_X0Y0        BUFG (Prop_bufg_I_O)         0.091     3.297 r  clk_IBUF_BUFG_inst/O
                         net (fo=618, routed)         1.803     5.100    dut/clk_IBUF_BUFG
    SLICE_X14Y76         FDRE                                         r  dut/x2_reg[57]/C

Slack:                    inf
  Source:                 rst
                            (input port)
  Destination:            dut/x1_reg[0]/R
                            (rising edge-triggered cell FDRE clocked by clk  {rise@0.000ns fall@5.000ns period=10.000ns})
  Path Group:             (none)
  Path Type:              Setup (Max at Slow Process Corner)
  Data Path Delay:        6.032ns  (logic 0.996ns (16.518%)  route 5.036ns (83.482%))
  Logic Levels:           1  (IBUF=1)
  Clock Path Skew:        5.108ns (DCD - SCD + CPR)
    Destination Clock Delay (DCD):    5.108ns
    Source Clock Delay      (SCD):    0.000ns
    Clock Pessimism Removal (CPR):    0.000ns
  Clock Uncertainty:      0.025ns  ((TSJ^2 + TIJ^2)^1/2 + DJ) / 2 + PE
    Total System Jitter     (TSJ):    0.050ns
    Total Input Jitter      (TIJ):    0.000ns
    Discrete Jitter          (DJ):    0.000ns
    Phase Error              (PE):    0.000ns

    Location             Delay type                Incr(ns)  Path(ns)    Netlist Resource(s)
  -------------------------------------------------------------------    -------------------
    Y17                                               0.000     0.000 r  rst (IN)
                         net (fo=0)                   0.000     0.000    rst
    Y17                  IBUF (Prop_ibuf_I_O)         0.996     0.996 r  rst_IBUF_inst/O
                         net (fo=618, routed)         5.036     6.032    dut/rst_IBUF
    SLICE_X18Y83         FDRE                                         r  dut/x1_reg[0]/R
  -------------------------------------------------------------------    -------------------

                         (clock clk rise edge)        0.000     0.000 r  
    Y11                                               0.000     0.000 r  clk (IN)
                         net (fo=0)                   0.000     0.000    clk
    Y11                  IBUF (Prop_ibuf_I_O)         0.872     0.872 r  clk_IBUF_inst/O
                         net (fo=1, routed)           2.334     3.206    clk_IBUF
    BUFGCTRL_X0Y0        BUFG (Prop_bufg_I_O)         0.091     3.297 r  clk_IBUF_BUFG_inst/O
                         net (fo=618, routed)         1.811     5.108    dut/clk_IBUF_BUFG
    SLICE_X18Y83         FDRE                                         r  dut/x1_reg[0]/C

Slack:                    inf
  Source:                 rst
                            (input port)
  Destination:            dut/x2_reg[49]/R
                            (rising edge-triggered cell FDRE clocked by clk  {rise@0.000ns fall@5.000ns period=10.000ns})
  Path Group:             (none)
  Path Type:              Setup (Max at Slow Process Corner)
  Data Path Delay:        5.889ns  (logic 0.996ns (16.920%)  route 4.892ns (83.080%))
  Logic Levels:           1  (IBUF=1)
  Clock Path Skew:        5.100ns (DCD - SCD + CPR)
    Destination Clock Delay (DCD):    5.100ns
    Source Clock Delay      (SCD):    0.000ns
    Clock Pessimism Removal (CPR):    0.000ns
  Clock Uncertainty:      0.025ns  ((TSJ^2 + TIJ^2)^1/2 + DJ) / 2 + PE
    Total System Jitter     (TSJ):    0.050ns
    Total Input Jitter      (TIJ):    0.000ns
    Discrete Jitter          (DJ):    0.000ns
    Phase Error              (PE):    0.000ns

    Location             Delay type                Incr(ns)  Path(ns)    Netlist Resource(s)
  -------------------------------------------------------------------    -------------------
    Y17                                               0.000     0.000 r  rst (IN)
                         net (fo=0)                   0.000     0.000    rst
    Y17                  IBUF (Prop_ibuf_I_O)         0.996     0.996 r  rst_IBUF_inst/O
                         net (fo=618, routed)         4.892     5.889    dut/rst_IBUF
    SLICE_X12Y76         FDRE                                         r  dut/x2_reg[49]/R
  -------------------------------------------------------------------    -------------------

                         (clock clk rise edge)        0.000     0.000 r  
    Y11                                               0.000     0.000 r  clk (IN)
                         net (fo=0)                   0.000     0.000    clk
    Y11                  IBUF (Prop_ibuf_I_O)         0.872     0.872 r  clk_IBUF_inst/O
                         net (fo=1, routed)           2.334     3.206    clk_IBUF
    BUFGCTRL_X0Y0        BUFG (Prop_bufg_I_O)         0.091     3.297 r  clk_IBUF_BUFG_inst/O
                         net (fo=618, routed)         1.803     5.100    dut/clk_IBUF_BUFG
    SLICE_X12Y76         FDRE                                         r  dut/x2_reg[49]/C

Slack:                    inf
  Source:                 rst
                            (input port)
  Destination:            dut/tag_out_reg[120]/R
                            (rising edge-triggered cell FDRE clocked by clk  {rise@0.000ns fall@5.000ns period=10.000ns})
  Path Group:             (none)
  Path Type:              Setup (Max at Slow Process Corner)
  Data Path Delay:        5.875ns  (logic 0.996ns (16.960%)  route 4.878ns (83.040%))
  Logic Levels:           1  (IBUF=1)
  Clock Path Skew:        5.107ns (DCD - SCD + CPR)
    Destination Clock Delay (DCD):    5.107ns
    Source Clock Delay      (SCD):    0.000ns
    Clock Pessimism Removal (CPR):    0.000ns
  Clock Uncertainty:      0.025ns  ((TSJ^2 + TIJ^2)^1/2 + DJ) / 2 + PE
    Total System Jitter     (TSJ):    0.050ns
    Total Input Jitter      (TIJ):    0.000ns
    Discrete Jitter          (DJ):    0.000ns
    Phase Error              (PE):    0.000ns

    Location             Delay type                Incr(ns)  Path(ns)    Netlist Resource(s)
  -------------------------------------------------------------------    -------------------
    Y17                                               0.000     0.000 r  rst (IN)
                         net (fo=0)                   0.000     0.000    rst
    Y17                  IBUF (Prop_ibuf_I_O)         0.996     0.996 r  rst_IBUF_inst/O
                         net (fo=618, routed)         4.878     5.875    dut/rst_IBUF
    SLICE_X20Y83         FDRE                                         r  dut/tag_out_reg[120]/R
  -------------------------------------------------------------------    -------------------

                         (clock clk rise edge)        0.000     0.000 r  
    Y11                                               0.000     0.000 r  clk (IN)
                         net (fo=0)                   0.000     0.000    clk
    Y11                  IBUF (Prop_ibuf_I_O)         0.872     0.872 r  clk_IBUF_inst/O
                         net (fo=1, routed)           2.334     3.206    clk_IBUF
    BUFGCTRL_X0Y0        BUFG (Prop_bufg_I_O)         0.091     3.297 r  clk_IBUF_BUFG_inst/O
                         net (fo=618, routed)         1.810     5.107    dut/clk_IBUF_BUFG
    SLICE_X20Y83         FDRE                                         r  dut/tag_out_reg[120]/C

Slack:                    inf
  Source:                 rst
                            (input port)
  Destination:            dut/tag_out_reg[121]/R
                            (rising edge-triggered cell FDRE clocked by clk  {rise@0.000ns fall@5.000ns period=10.000ns})
  Path Group:             (none)
  Path Type:              Setup (Max at Slow Process Corner)
  Data Path Delay:        5.875ns  (logic 0.996ns (16.960%)  route 4.878ns (83.040%))
  Logic Levels:           1  (IBUF=1)
  Clock Path Skew:        5.107ns (DCD - SCD + CPR)
    Destination Clock Delay (DCD):    5.107ns
    Source Clock Delay      (SCD):    0.000ns
    Clock Pessimism Removal (CPR):    0.000ns
  Clock Uncertainty:      0.025ns  ((TSJ^2 + TIJ^2)^1/2 + DJ) / 2 + PE
    Total System Jitter     (TSJ):    0.050ns
    Total Input Jitter      (TIJ):    0.000ns
    Discrete Jitter          (DJ):    0.000ns
    Phase Error              (PE):    0.000ns

    Location             Delay type                Incr(ns)  Path(ns)    Netlist Resource(s)
  -------------------------------------------------------------------    -------------------
    Y17                                               0.000     0.000 r  rst (IN)
                         net (fo=0)                   0.000     0.000    rst
    Y17                  IBUF (Prop_ibuf_I_O)         0.996     0.996 r  rst_IBUF_inst/O
                         net (fo=618, routed)         4.878     5.875    dut/rst_IBUF
    SLICE_X20Y83         FDRE                                         r  dut/tag_out_reg[121]/R
  -------------------------------------------------------------------    -------------------

                         (clock clk rise edge)        0.000     0.000 r  
    Y11                                               0.000     0.000 r  clk (IN)
                         net (fo=0)                   0.000     0.000    clk
    Y11                  IBUF (Prop_ibuf_I_O)         0.872     0.872 r  clk_IBUF_inst/O
                         net (fo=1, routed)           2.334     3.206    clk_IBUF
    BUFGCTRL_X0Y0        BUFG (Prop_bufg_I_O)         0.091     3.297 r  clk_IBUF_BUFG_inst/O
                         net (fo=618, routed)         1.810     5.107    dut/clk_IBUF_BUFG
    SLICE_X20Y83         FDRE                                         r  dut/tag_out_reg[121]/C

Slack:                    inf
  Source:                 rst
                            (input port)
  Destination:            dut/tag_out_reg[126]/R
                            (rising edge-triggered cell FDRE clocked by clk  {rise@0.000ns fall@5.000ns period=10.000ns})
  Path Group:             (none)
  Path Type:              Setup (Max at Slow Process Corner)
  Data Path Delay:        5.875ns  (logic 0.996ns (16.960%)  route 4.878ns (83.040%))
  Logic Levels:           1  (IBUF=1)
  Clock Path Skew:        5.107ns (DCD - SCD + CPR)
    Destination Clock Delay (DCD):    5.107ns
    Source Clock Delay      (SCD):    0.000ns
    Clock Pessimism Removal (CPR):    0.000ns
  Clock Uncertainty:      0.025ns  ((TSJ^2 + TIJ^2)^1/2 + DJ) / 2 + PE
    Total System Jitter     (TSJ):    0.050ns
    Total Input Jitter      (TIJ):    0.000ns
    Discrete Jitter          (DJ):    0.000ns
    Phase Error              (PE):    0.000ns

    Location             Delay type                Incr(ns)  Path(ns)    Netlist Resource(s)
  -------------------------------------------------------------------    -------------------
    Y17                                               0.000     0.000 r  rst (IN)
                         net (fo=0)                   0.000     0.000    rst
    Y17                  IBUF (Prop_ibuf_I_O)         0.996     0.996 r  rst_IBUF_inst/O
                         net (fo=618, routed)         4.878     5.875    dut/rst_IBUF
    SLICE_X20Y83         FDRE                                         r  dut/tag_out_reg[126]/R
  -------------------------------------------------------------------    -------------------

                         (clock clk rise edge)        0.000     0.000 r  
    Y11                                               0.000     0.000 r  clk (IN)
                         net (fo=0)                   0.000     0.000    clk
    Y11                  IBUF (Prop_ibuf_I_O)         0.872     0.872 r  clk_IBUF_inst/O
                         net (fo=1, routed)           2.334     3.206    clk_IBUF
    BUFGCTRL_X0Y0        BUFG (Prop_bufg_I_O)         0.091     3.297 r  clk_IBUF_BUFG_inst/O
                         net (fo=618, routed)         1.810     5.107    dut/clk_IBUF_BUFG
    SLICE_X20Y83         FDRE                                         r  dut/tag_out_reg[126]/C

Slack:                    inf
  Source:                 rst
                            (input port)
  Destination:            dut/tag_out_reg[127]/R
                            (rising edge-triggered cell FDRE clocked by clk  {rise@0.000ns fall@5.000ns period=10.000ns})
  Path Group:             (none)
  Path Type:              Setup (Max at Slow Process Corner)
  Data Path Delay:        5.875ns  (logic 0.996ns (16.960%)  route 4.878ns (83.040%))
  Logic Levels:           1  (IBUF=1)
  Clock Path Skew:        5.107ns (DCD - SCD + CPR)
    Destination Clock Delay (DCD):    5.107ns
    Source Clock Delay      (SCD):    0.000ns
    Clock Pessimism Removal (CPR):    0.000ns
  Clock Uncertainty:      0.025ns  ((TSJ^2 + TIJ^2)^1/2 + DJ) / 2 + PE
    Total System Jitter     (TSJ):    0.050ns
    Total Input Jitter      (TIJ):    0.000ns
    Discrete Jitter          (DJ):    0.000ns
    Phase Error              (PE):    0.000ns

    Location             Delay type                Incr(ns)  Path(ns)    Netlist Resource(s)
  -------------------------------------------------------------------    -------------------
    Y17                                               0.000     0.000 r  rst (IN)
                         net (fo=0)                   0.000     0.000    rst
    Y17                  IBUF (Prop_ibuf_I_O)         0.996     0.996 r  rst_IBUF_inst/O
                         net (fo=618, routed)         4.878     5.875    dut/rst_IBUF
    SLICE_X20Y83         FDRE                                         r  dut/tag_out_reg[127]/R
  -------------------------------------------------------------------    -------------------

                         (clock clk rise edge)        0.000     0.000 r  
    Y11                                               0.000     0.000 r  clk (IN)
                         net (fo=0)                   0.000     0.000    clk
    Y11                  IBUF (Prop_ibuf_I_O)         0.872     0.872 r  clk_IBUF_inst/O
                         net (fo=1, routed)           2.334     3.206    clk_IBUF
    BUFGCTRL_X0Y0        BUFG (Prop_bufg_I_O)         0.091     3.297 r  clk_IBUF_BUFG_inst/O
                         net (fo=618, routed)         1.810     5.107    dut/clk_IBUF_BUFG
    SLICE_X20Y83         FDRE                                         r  dut/tag_out_reg[127]/C

Slack:                    inf
  Source:                 rst
                            (input port)
  Destination:            dut/x1_reg[19]/R
                            (rising edge-triggered cell FDRE clocked by clk  {rise@0.000ns fall@5.000ns period=10.000ns})
  Path Group:             (none)
  Path Type:              Setup (Max at Slow Process Corner)
  Data Path Delay:        5.875ns  (logic 0.996ns (16.960%)  route 4.878ns (83.040%))
  Logic Levels:           1  (IBUF=1)
  Clock Path Skew:        5.107ns (DCD - SCD + CPR)
    Destination Clock Delay (DCD):    5.107ns
    Source Clock Delay      (SCD):    0.000ns
    Clock Pessimism Removal (CPR):    0.000ns
  Clock Uncertainty:      0.025ns  ((TSJ^2 + TIJ^2)^1/2 + DJ) / 2 + PE
    Total System Jitter     (TSJ):    0.050ns
    Total Input Jitter      (TIJ):    0.000ns
    Discrete Jitter          (DJ):    0.000ns
    Phase Error              (PE):    0.000ns

    Location             Delay type                Incr(ns)  Path(ns)    Netlist Resource(s)
  -------------------------------------------------------------------    -------------------
    Y17                                               0.000     0.000 r  rst (IN)
                         net (fo=0)                   0.000     0.000    rst
    Y17                  IBUF (Prop_ibuf_I_O)         0.996     0.996 r  rst_IBUF_inst/O
                         net (fo=618, routed)         4.878     5.875    dut/rst_IBUF
    SLICE_X21Y83         FDRE                                         r  dut/x1_reg[19]/R
  -------------------------------------------------------------------    -------------------

                         (clock clk rise edge)        0.000     0.000 r  
    Y11                                               0.000     0.000 r  clk (IN)
                         net (fo=0)                   0.000     0.000    clk
    Y11                  IBUF (Prop_ibuf_I_O)         0.872     0.872 r  clk_IBUF_inst/O
                         net (fo=1, routed)           2.334     3.206    clk_IBUF
    BUFGCTRL_X0Y0        BUFG (Prop_bufg_I_O)         0.091     3.297 r  clk_IBUF_BUFG_inst/O
                         net (fo=618, routed)         1.810     5.107    dut/clk_IBUF_BUFG
    SLICE_X21Y83         FDRE                                         r  dut/x1_reg[19]/C

Slack:                    inf
  Source:                 rst
                            (input port)
  Destination:            dut/x1_reg[3]/R
                            (rising edge-triggered cell FDRE clocked by clk  {rise@0.000ns fall@5.000ns period=10.000ns})
  Path Group:             (none)
  Path Type:              Setup (Max at Slow Process Corner)
  Data Path Delay:        5.875ns  (logic 0.996ns (16.960%)  route 4.878ns (83.040%))
  Logic Levels:           1  (IBUF=1)
  Clock Path Skew:        5.107ns (DCD - SCD + CPR)
    Destination Clock Delay (DCD):    5.107ns
    Source Clock Delay      (SCD):    0.000ns
    Clock Pessimism Removal (CPR):    0.000ns
  Clock Uncertainty:      0.025ns  ((TSJ^2 + TIJ^2)^1/2 + DJ) / 2 + PE
    Total System Jitter     (TSJ):    0.050ns
    Total Input Jitter      (TIJ):    0.000ns
    Discrete Jitter          (DJ):    0.000ns
    Phase Error              (PE):    0.000ns

    Location             Delay type                Incr(ns)  Path(ns)    Netlist Resource(s)
  -------------------------------------------------------------------    -------------------
    Y17                                               0.000     0.000 r  rst (IN)
                         net (fo=0)                   0.000     0.000    rst
    Y17                  IBUF (Prop_ibuf_I_O)         0.996     0.996 r  rst_IBUF_inst/O
                         net (fo=618, routed)         4.878     5.875    dut/rst_IBUF
    SLICE_X21Y83         FDRE                                         r  dut/x1_reg[3]/R
  -------------------------------------------------------------------    -------------------

                         (clock clk rise edge)        0.000     0.000 r  
    Y11                                               0.000     0.000 r  clk (IN)
                         net (fo=0)                   0.000     0.000    clk
    Y11                  IBUF (Prop_ibuf_I_O)         0.872     0.872 r  clk_IBUF_inst/O
                         net (fo=1, routed)           2.334     3.206    clk_IBUF
    BUFGCTRL_X0Y0        BUFG (Prop_bufg_I_O)         0.091     3.297 r  clk_IBUF_BUFG_inst/O
                         net (fo=618, routed)         1.810     5.107    dut/clk_IBUF_BUFG
    SLICE_X21Y83         FDRE                                         r  dut/x1_reg[3]/C

Slack:                    inf
  Source:                 rst
                            (input port)
  Destination:            dut/x2_reg[50]/R
                            (rising edge-triggered cell FDRE clocked by clk  {rise@0.000ns fall@5.000ns period=10.000ns})
  Path Group:             (none)
  Path Type:              Setup (Max at Slow Process Corner)
  Data Path Delay:        5.847ns  (logic 0.996ns (17.040%)  route 4.851ns (82.960%))
  Logic Levels:           1  (IBUF=1)
  Clock Path Skew:        5.101ns (DCD - SCD + CPR)
    Destination Clock Delay (DCD):    5.101ns
    Source Clock Delay      (SCD):    0.000ns
    Clock Pessimism Removal (CPR):    0.000ns
  Clock Uncertainty:      0.025ns  ((TSJ^2 + TIJ^2)^1/2 + DJ) / 2 + PE
    Total System Jitter     (TSJ):    0.050ns
    Total Input Jitter      (TIJ):    0.000ns
    Discrete Jitter          (DJ):    0.000ns
    Phase Error              (PE):    0.000ns

    Location             Delay type                Incr(ns)  Path(ns)    Netlist Resource(s)
  -------------------------------------------------------------------    -------------------
    Y17                                               0.000     0.000 r  rst (IN)
                         net (fo=0)                   0.000     0.000    rst
    Y17                  IBUF (Prop_ibuf_I_O)         0.996     0.996 r  rst_IBUF_inst/O
                         net (fo=618, routed)         4.851     5.847    dut/rst_IBUF
    SLICE_X12Y77         FDRE                                         r  dut/x2_reg[50]/R
  -------------------------------------------------------------------    -------------------

                         (clock clk rise edge)        0.000     0.000 r  
    Y11                                               0.000     0.000 r  clk (IN)
                         net (fo=0)                   0.000     0.000    clk
    Y11                  IBUF (Prop_ibuf_I_O)         0.872     0.872 r  clk_IBUF_inst/O
                         net (fo=1, routed)           2.334     3.206    clk_IBUF
    BUFGCTRL_X0Y0        BUFG (Prop_bufg_I_O)         0.091     3.297 r  clk_IBUF_BUFG_inst/O
                         net (fo=618, routed)         1.804     5.101    dut/clk_IBUF_BUFG
    SLICE_X12Y77         FDRE                                         r  dut/x2_reg[50]/C





Min Delay Paths
--------------------------------------------------------------------------------------
Slack:                    inf
  Source:                 rst
                            (input port)
  Destination:            activity_reg_reg[29]/R
                            (rising edge-triggered cell FDRE clocked by clk  {rise@0.000ns fall@5.000ns period=10.000ns})
  Path Group:             (none)
  Path Type:              Hold (Min at Fast Process Corner)
  Data Path Delay:        0.720ns  (logic 0.225ns (31.248%)  route 0.495ns (68.752%))
  Logic Levels:           1  (IBUF=1)
  Clock Path Skew:        2.363ns (DCD - SCD - CPR)
    Destination Clock Delay (DCD):    2.363ns
    Source Clock Delay      (SCD):    0.000ns
    Clock Pessimism Removal (CPR):    -0.000ns

    Location             Delay type                Incr(ns)  Path(ns)    Netlist Resource(s)
  -------------------------------------------------------------------    -------------------
    Y17                                               0.000     0.000 r  rst (IN)
                         net (fo=0)                   0.000     0.000    rst
    Y17                  IBUF (Prop_ibuf_I_O)         0.225     0.225 r  rst_IBUF_inst/O
                         net (fo=618, routed)         0.495     0.720    rst_IBUF
    SLICE_X3Y93          FDRE                                         r  activity_reg_reg[29]/R
  -------------------------------------------------------------------    -------------------

                         (clock clk rise edge)        0.000     0.000 r  
    Y11                                               0.000     0.000 r  clk (IN)
                         net (fo=0)                   0.000     0.000    clk
    Y11                  IBUF (Prop_ibuf_I_O)         0.424     0.424 r  clk_IBUF_inst/O
                         net (fo=1, routed)           0.910     1.334    clk_IBUF
    BUFGCTRL_X0Y0        BUFG (Prop_bufg_I_O)         0.029     1.363 r  clk_IBUF_BUFG_inst/O
                         net (fo=618, routed)         1.000     2.363    clk_IBUF_BUFG
    SLICE_X3Y93          FDRE                                         r  activity_reg_reg[29]/C

Slack:                    inf
  Source:                 rst
                            (input port)
  Destination:            dut/tag_out_reg[27]/R
                            (rising edge-triggered cell FDRE clocked by clk  {rise@0.000ns fall@5.000ns period=10.000ns})
  Path Group:             (none)
  Path Type:              Hold (Min at Fast Process Corner)
  Data Path Delay:        0.777ns  (logic 0.225ns (28.930%)  route 0.553ns (71.070%))
  Logic Levels:           1  (IBUF=1)
  Clock Path Skew:        2.360ns (DCD - SCD - CPR)
    Destination Clock Delay (DCD):    2.360ns
    Source Clock Delay      (SCD):    0.000ns
    Clock Pessimism Removal (CPR):    -0.000ns

    Location             Delay type                Incr(ns)  Path(ns)    Netlist Resource(s)
  -------------------------------------------------------------------    -------------------
    Y17                                               0.000     0.000 r  rst (IN)
                         net (fo=0)                   0.000     0.000    rst
    Y17                  IBUF (Prop_ibuf_I_O)         0.225     0.225 r  rst_IBUF_inst/O
                         net (fo=618, routed)         0.553     0.777    dut/rst_IBUF
    SLICE_X5Y92          FDRE                                         r  dut/tag_out_reg[27]/R
  -------------------------------------------------------------------    -------------------

                         (clock clk rise edge)        0.000     0.000 r  
    Y11                                               0.000     0.000 r  clk (IN)
                         net (fo=0)                   0.000     0.000    clk
    Y11                  IBUF (Prop_ibuf_I_O)         0.424     0.424 r  clk_IBUF_inst/O
                         net (fo=1, routed)           0.910     1.334    clk_IBUF
    BUFGCTRL_X0Y0        BUFG (Prop_bufg_I_O)         0.029     1.363 r  clk_IBUF_BUFG_inst/O
                         net (fo=618, routed)         0.997     2.360    dut/clk_IBUF_BUFG
    SLICE_X5Y92          FDRE                                         r  dut/tag_out_reg[27]/C

Slack:                    inf
  Source:                 rst
                            (input port)
  Destination:            dut/tag_out_reg[27]_lopt_replica/R
                            (rising edge-triggered cell FDRE clocked by clk  {rise@0.000ns fall@5.000ns period=10.000ns})
  Path Group:             (none)
  Path Type:              Hold (Min at Fast Process Corner)
  Data Path Delay:        0.777ns  (logic 0.225ns (28.930%)  route 0.553ns (71.070%))
  Logic Levels:           1  (IBUF=1)
  Clock Path Skew:        2.360ns (DCD - SCD - CPR)
    Destination Clock Delay (DCD):    2.360ns
    Source Clock Delay      (SCD):    0.000ns
    Clock Pessimism Removal (CPR):    -0.000ns

    Location             Delay type                Incr(ns)  Path(ns)    Netlist Resource(s)
  -------------------------------------------------------------------    -------------------
    Y17                                               0.000     0.000 r  rst (IN)
                         net (fo=0)                   0.000     0.000    rst
    Y17                  IBUF (Prop_ibuf_I_O)         0.225     0.225 r  rst_IBUF_inst/O
                         net (fo=618, routed)         0.553     0.777    dut/rst_IBUF
    SLICE_X5Y92          FDRE                                         r  dut/tag_out_reg[27]_lopt_replica/R
  -------------------------------------------------------------------    -------------------

                         (clock clk rise edge)        0.000     0.000 r  
    Y11                                               0.000     0.000 r  clk (IN)
                         net (fo=0)                   0.000     0.000    clk
    Y11                  IBUF (Prop_ibuf_I_O)         0.424     0.424 r  clk_IBUF_inst/O
                         net (fo=1, routed)           0.910     1.334    clk_IBUF
    BUFGCTRL_X0Y0        BUFG (Prop_bufg_I_O)         0.029     1.363 r  clk_IBUF_BUFG_inst/O
                         net (fo=618, routed)         0.997     2.360    dut/clk_IBUF_BUFG
    SLICE_X5Y92          FDRE                                         r  dut/tag_out_reg[27]_lopt_replica/C

Slack:                    inf
  Source:                 rst
                            (input port)
  Destination:            activity_reg_reg[27]/R
                            (rising edge-triggered cell FDRE clocked by clk  {rise@0.000ns fall@5.000ns period=10.000ns})
  Path Group:             (none)
  Path Type:              Hold (Min at Fast Process Corner)
  Data Path Delay:        0.811ns  (logic 0.225ns (27.744%)  route 0.586ns (72.256%))
  Logic Levels:           1  (IBUF=1)
  Clock Path Skew:        2.362ns (DCD - SCD - CPR)
    Destination Clock Delay (DCD):    2.362ns
    Source Clock Delay      (SCD):    0.000ns
    Clock Pessimism Removal (CPR):    -0.000ns

    Location             Delay type                Incr(ns)  Path(ns)    Netlist Resource(s)
  -------------------------------------------------------------------    -------------------
    Y17                                               0.000     0.000 r  rst (IN)
                         net (fo=0)                   0.000     0.000    rst
    Y17                  IBUF (Prop_ibuf_I_O)         0.225     0.225 r  rst_IBUF_inst/O
                         net (fo=618, routed)         0.586     0.811    rst_IBUF
    SLICE_X2Y92          FDRE                                         r  activity_reg_reg[27]/R
  -------------------------------------------------------------------    -------------------

                         (clock clk rise edge)        0.000     0.000 r  
    Y11                                               0.000     0.000 r  clk (IN)
                         net (fo=0)                   0.000     0.000    clk
    Y11                  IBUF (Prop_ibuf_I_O)         0.424     0.424 r  clk_IBUF_inst/O
                         net (fo=1, routed)           0.910     1.334    clk_IBUF
    BUFGCTRL_X0Y0        BUFG (Prop_bufg_I_O)         0.029     1.363 r  clk_IBUF_BUFG_inst/O
                         net (fo=618, routed)         0.999     2.362    clk_IBUF_BUFG
    SLICE_X2Y92          FDRE                                         r  activity_reg_reg[27]/C

Slack:                    inf
  Source:                 rst
                            (input port)
  Destination:            activity_reg_reg[28]/R
                            (rising edge-triggered cell FDRE clocked by clk  {rise@0.000ns fall@5.000ns period=10.000ns})
  Path Group:             (none)
  Path Type:              Hold (Min at Fast Process Corner)
  Data Path Delay:        0.811ns  (logic 0.225ns (27.744%)  route 0.586ns (72.256%))
  Logic Levels:           1  (IBUF=1)
  Clock Path Skew:        2.362ns (DCD - SCD - CPR)
    Destination Clock Delay (DCD):    2.362ns
    Source Clock Delay      (SCD):    0.000ns
    Clock Pessimism Removal (CPR):    -0.000ns

    Location             Delay type                Incr(ns)  Path(ns)    Netlist Resource(s)
  -------------------------------------------------------------------    -------------------
    Y17                                               0.000     0.000 r  rst (IN)
                         net (fo=0)                   0.000     0.000    rst
    Y17                  IBUF (Prop_ibuf_I_O)         0.225     0.225 r  rst_IBUF_inst/O
                         net (fo=618, routed)         0.586     0.811    rst_IBUF
    SLICE_X2Y92          FDRE                                         r  activity_reg_reg[28]/R
  -------------------------------------------------------------------    -------------------

                         (clock clk rise edge)        0.000     0.000 r  
    Y11                                               0.000     0.000 r  clk (IN)
                         net (fo=0)                   0.000     0.000    clk
    Y11                  IBUF (Prop_ibuf_I_O)         0.424     0.424 r  clk_IBUF_inst/O
                         net (fo=1, routed)           0.910     1.334    clk_IBUF
    BUFGCTRL_X0Y0        BUFG (Prop_bufg_I_O)         0.029     1.363 r  clk_IBUF_BUFG_inst/O
                         net (fo=618, routed)         0.999     2.362    clk_IBUF_BUFG
    SLICE_X2Y92          FDRE                                         r  activity_reg_reg[28]/C

Slack:                    inf
  Source:                 rst
                            (input port)
  Destination:            activity_reg_reg[30]/R
                            (rising edge-triggered cell FDRE clocked by clk  {rise@0.000ns fall@5.000ns period=10.000ns})
  Path Group:             (none)
  Path Type:              Hold (Min at Fast Process Corner)
  Data Path Delay:        0.811ns  (logic 0.225ns (27.744%)  route 0.586ns (72.256%))
  Logic Levels:           1  (IBUF=1)
  Clock Path Skew:        2.362ns (DCD - SCD - CPR)
    Destination Clock Delay (DCD):    2.362ns
    Source Clock Delay      (SCD):    0.000ns
    Clock Pessimism Removal (CPR):    -0.000ns

    Location             Delay type                Incr(ns)  Path(ns)    Netlist Resource(s)
  -------------------------------------------------------------------    -------------------
    Y17                                               0.000     0.000 r  rst (IN)
                         net (fo=0)                   0.000     0.000    rst
    Y17                  IBUF (Prop_ibuf_I_O)         0.225     0.225 r  rst_IBUF_inst/O
                         net (fo=618, routed)         0.586     0.811    rst_IBUF
    SLICE_X2Y92          FDRE                                         r  activity_reg_reg[30]/R
  -------------------------------------------------------------------    -------------------

                         (clock clk rise edge)        0.000     0.000 r  
    Y11                                               0.000     0.000 r  clk (IN)
                         net (fo=0)                   0.000     0.000    clk
    Y11                  IBUF (Prop_ibuf_I_O)         0.424     0.424 r  clk_IBUF_inst/O
                         net (fo=1, routed)           0.910     1.334    clk_IBUF
    BUFGCTRL_X0Y0        BUFG (Prop_bufg_I_O)         0.029     1.363 r  clk_IBUF_BUFG_inst/O
                         net (fo=618, routed)         0.999     2.362    clk_IBUF_BUFG
    SLICE_X2Y92          FDRE                                         r  activity_reg_reg[30]/C

Slack:                    inf
  Source:                 rst
                            (input port)
  Destination:            activity_reg_reg[31]/R
                            (rising edge-triggered cell FDRE clocked by clk  {rise@0.000ns fall@5.000ns period=10.000ns})
  Path Group:             (none)
  Path Type:              Hold (Min at Fast Process Corner)
  Data Path Delay:        0.811ns  (logic 0.225ns (27.744%)  route 0.586ns (72.256%))
  Logic Levels:           1  (IBUF=1)
  Clock Path Skew:        2.362ns (DCD - SCD - CPR)
    Destination Clock Delay (DCD):    2.362ns
    Source Clock Delay      (SCD):    0.000ns
    Clock Pessimism Removal (CPR):    -0.000ns

    Location             Delay type                Incr(ns)  Path(ns)    Netlist Resource(s)
  -------------------------------------------------------------------    -------------------
    Y17                                               0.000     0.000 r  rst (IN)
                         net (fo=0)                   0.000     0.000    rst
    Y17                  IBUF (Prop_ibuf_I_O)         0.225     0.225 r  rst_IBUF_inst/O
                         net (fo=618, routed)         0.586     0.811    rst_IBUF
    SLICE_X2Y92          FDRE                                         r  activity_reg_reg[31]/R
  -------------------------------------------------------------------    -------------------

                         (clock clk rise edge)        0.000     0.000 r  
    Y11                                               0.000     0.000 r  clk (IN)
                         net (fo=0)                   0.000     0.000    clk
    Y11                  IBUF (Prop_ibuf_I_O)         0.424     0.424 r  clk_IBUF_inst/O
                         net (fo=1, routed)           0.910     1.334    clk_IBUF
    BUFGCTRL_X0Y0        BUFG (Prop_bufg_I_O)         0.029     1.363 r  clk_IBUF_BUFG_inst/O
                         net (fo=618, routed)         0.999     2.362    clk_IBUF_BUFG
    SLICE_X2Y92          FDRE                                         r  activity_reg_reg[31]/C

Slack:                    inf
  Source:                 rst
                            (input port)
  Destination:            dut/tag_out_reg[28]/R
                            (rising edge-triggered cell FDRE clocked by clk  {rise@0.000ns fall@5.000ns period=10.000ns})
  Path Group:             (none)
  Path Type:              Hold (Min at Fast Process Corner)
  Data Path Delay:        0.811ns  (logic 0.225ns (27.744%)  route 0.586ns (72.256%))
  Logic Levels:           1  (IBUF=1)
  Clock Path Skew:        2.362ns (DCD - SCD - CPR)
    Destination Clock Delay (DCD):    2.362ns
    Source Clock Delay      (SCD):    0.000ns
    Clock Pessimism Removal (CPR):    -0.000ns

    Location             Delay type                Incr(ns)  Path(ns)    Netlist Resource(s)
  -------------------------------------------------------------------    -------------------
    Y17                                               0.000     0.000 r  rst (IN)
                         net (fo=0)                   0.000     0.000    rst
    Y17                  IBUF (Prop_ibuf_I_O)         0.225     0.225 r  rst_IBUF_inst/O
                         net (fo=618, routed)         0.586     0.811    dut/rst_IBUF
    SLICE_X3Y92          FDRE                                         r  dut/tag_out_reg[28]/R
  -------------------------------------------------------------------    -------------------

                         (clock clk rise edge)        0.000     0.000 r  
    Y11                                               0.000     0.000 r  clk (IN)
                         net (fo=0)                   0.000     0.000    clk
    Y11                  IBUF (Prop_ibuf_I_O)         0.424     0.424 r  clk_IBUF_inst/O
                         net (fo=1, routed)           0.910     1.334    clk_IBUF
    BUFGCTRL_X0Y0        BUFG (Prop_bufg_I_O)         0.029     1.363 r  clk_IBUF_BUFG_inst/O
                         net (fo=618, routed)         0.999     2.362    dut/clk_IBUF_BUFG
    SLICE_X3Y92          FDRE                                         r  dut/tag_out_reg[28]/C

Slack:                    inf
  Source:                 rst
                            (input port)
  Destination:            dut/tag_out_reg[28]_lopt_replica/R
                            (rising edge-triggered cell FDRE clocked by clk  {rise@0.000ns fall@5.000ns period=10.000ns})
  Path Group:             (none)
  Path Type:              Hold (Min at Fast Process Corner)
  Data Path Delay:        0.811ns  (logic 0.225ns (27.744%)  route 0.586ns (72.256%))
  Logic Levels:           1  (IBUF=1)
  Clock Path Skew:        2.362ns (DCD - SCD - CPR)
    Destination Clock Delay (DCD):    2.362ns
    Source Clock Delay      (SCD):    0.000ns
    Clock Pessimism Removal (CPR):    -0.000ns

    Location             Delay type                Incr(ns)  Path(ns)    Netlist Resource(s)
  -------------------------------------------------------------------    -------------------
    Y17                                               0.000     0.000 r  rst (IN)
                         net (fo=0)                   0.000     0.000    rst
    Y17                  IBUF (Prop_ibuf_I_O)         0.225     0.225 r  rst_IBUF_inst/O
                         net (fo=618, routed)         0.586     0.811    dut/rst_IBUF
    SLICE_X3Y92          FDRE                                         r  dut/tag_out_reg[28]_lopt_replica/R
  -------------------------------------------------------------------    -------------------

                         (clock clk rise edge)        0.000     0.000 r  
    Y11                                               0.000     0.000 r  clk (IN)
                         net (fo=0)                   0.000     0.000    clk
    Y11                  IBUF (Prop_ibuf_I_O)         0.424     0.424 r  clk_IBUF_inst/O
                         net (fo=1, routed)           0.910     1.334    clk_IBUF
    BUFGCTRL_X0Y0        BUFG (Prop_bufg_I_O)         0.029     1.363 r  clk_IBUF_BUFG_inst/O
                         net (fo=618, routed)         0.999     2.362    dut/clk_IBUF_BUFG
    SLICE_X3Y92          FDRE                                         r  dut/tag_out_reg[28]_lopt_replica/C

Slack:                    inf
  Source:                 rst
                            (input port)
  Destination:            dut/tag_out_reg[29]/R
                            (rising edge-triggered cell FDRE clocked by clk  {rise@0.000ns fall@5.000ns period=10.000ns})
  Path Group:             (none)
  Path Type:              Hold (Min at Fast Process Corner)
  Data Path Delay:        0.811ns  (logic 0.225ns (27.744%)  route 0.586ns (72.256%))
  Logic Levels:           1  (IBUF=1)
  Clock Path Skew:        2.362ns (DCD - SCD - CPR)
    Destination Clock Delay (DCD):    2.362ns
    Source Clock Delay      (SCD):    0.000ns
    Clock Pessimism Removal (CPR):    -0.000ns

    Location             Delay type                Incr(ns)  Path(ns)    Netlist Resource(s)
  -------------------------------------------------------------------    -------------------
    Y17                                               0.000     0.000 r  rst (IN)
                         net (fo=0)                   0.000     0.000    rst
    Y17                  IBUF (Prop_ibuf_I_O)         0.225     0.225 r  rst_IBUF_inst/O
                         net (fo=618, routed)         0.586     0.811    dut/rst_IBUF
    SLICE_X3Y92          FDRE                                         r  dut/tag_out_reg[29]/R
  -------------------------------------------------------------------    -------------------

                         (clock clk rise edge)        0.000     0.000 r  
    Y11                                               0.000     0.000 r  clk (IN)
                         net (fo=0)                   0.000     0.000    clk
    Y11                  IBUF (Prop_ibuf_I_O)         0.424     0.424 r  clk_IBUF_inst/O
                         net (fo=1, routed)           0.910     1.334    clk_IBUF
    BUFGCTRL_X0Y0        BUFG (Prop_bufg_I_O)         0.029     1.363 r  clk_IBUF_BUFG_inst/O
                         net (fo=618, routed)         0.999     2.362    dut/clk_IBUF_BUFG
    SLICE_X3Y92          FDRE                                         r  dut/tag_out_reg[29]/C





